,danceability,energy,key,loudness,mode,speechiness,acousticness,instrumentalness,liveness,valence,tempo,type,id,uri,track_href,analysis_url,duration_ms,time_signature
0,0.894,0.791,2,-4.699,1,0.112,0.0183,0.0,0.0388,0.583,105.018,audio_features,5rb9QrpfcKFHM1EUbSIurX,spotify:track:5rb9QrpfcKFHM1EUbSIurX,https://api.spotify.com/v1/tracks/5rb9QrpfcKFHM1EUbSIurX,https://api.spotify.com/v1/audio-analysis/5rb9QrpfcKFHM1EUbSIurX,250373,4
1,0.851,0.806,4,-4.62,1,0.0787,0.118,1.64e-06,0.121,0.787,118.999,audio_features,1QV6tiMFM6fSOKOGLMHYYg,spotify:track:1QV6tiMFM6fSOKOGLMHYYg,https://api.spotify.com/v1/tracks/1QV6tiMFM6fSOKOGLMHYYg,https://api.spotify.com/v1/audio-analysis/1QV6tiMFM6fSOKOGLMHYYg,237200,4
2,0.778,0.824,10,-5.892,0,0.0707,0.284,0.0,0.405,0.758,100.024,audio_features,3ZFTkvIE7kyPt6Nu3PEa7V,spotify:track:3ZFTkvIE7kyPt6Nu3PEa7V,https://api.spotify.com/v1/tracks/3ZFTkvIE7kyPt6Nu3PEa7V,https://api.spotify.com/v1/audio-analysis/3ZFTkvIE7kyPt6Nu3PEa7V,218093,4
3,0.872,0.872,1,-6.328,1,0.139,0.0476,0.00112,0.0543,0.809,116.948,audio_features,2aI21FnmY7TJVKeMaoQZ0t,spotify:track:2aI21FnmY7TJVKeMaoQZ0t,https://api.spotify.com/v1/tracks/2aI21FnmY7TJVKeMaoQZ0t,https://api.spotify.com/v1/audio-analysis/2aI21FnmY7TJVKeMaoQZ0t,223080,4
4,0.762,0.748,0,-4.15,0,0.033,0.0266,0.0,0.348,0.851,110.009,audio_features,6St9lR6dhV2tpCNVz7qfrS,spotify:track:6St9lR6dhV2tpCNVz7qfrS,https://api.spotify.com/v1/tracks/6St9lR6dhV2tpCNVz7qfrS,https://api.spotify.com/v1/audio-analysis/6St9lR6dhV2tpCNVz7qfrS,199027,4
5,0.755,0.837,2,-2.718,0,0.142,0.0991,0.0,0.289,0.714,120.028,audio_features,0HPD5WQqrq7wPWR7P7Dw1i,spotify:track:0HPD5WQqrq7wPWR7P7Dw1i,https://api.spotify.com/v1/tracks/0HPD5WQqrq7wPWR7P7Dw1i,https://api.spotify.com/v1/audio-analysis/0HPD5WQqrq7wPWR7P7Dw1i,199693,4
6,0.939,0.742,5,-5.171,0,0.0467,0.321,0.0,0.107,0.924,118.978,audio_features,2kQuhkFX7uSVepCD3h29g5,spotify:track:2kQuhkFX7uSVepCD3h29g5,https://api.spotify.com/v1/tracks/2kQuhkFX7uSVepCD3h29g5,https://api.spotify.com/v1/audio-analysis/2kQuhkFX7uSVepCD3h29g5,212360,4
7,0.918,0.609,10,-5.64,0,0.0791,0.0928,0.0,0.139,0.304,128.008,audio_features,0CAfXk7DXMnon4gLudAp7J,spotify:track:0CAfXk7DXMnon4gLudAp7J,https://api.spotify.com/v1/tracks/0CAfXk7DXMnon4gLudAp7J,https://api.spotify.com/v1/audio-analysis/0CAfXk7DXMnon4gLudAp7J,231400,4
8,0.664,0.758,2,-6.583,0,0.21,0.00238,0.0,0.0598,0.701,99.259,audio_features,0TwBtDAWpkpM3srywFVOV5,spotify:track:0TwBtDAWpkpM3srywFVOV5,https://api.spotify.com/v1/tracks/0TwBtDAWpkpM3srywFVOV5,https://api.spotify.com/v1/audio-analysis/0TwBtDAWpkpM3srywFVOV5,235933,4
9,0.747,0.716,11,-2.457,0,0.075,0.135,0.0,0.251,0.751,125.008,audio_features,2EBCVPNAG46nbgs6jXPGvv,spotify:track:2EBCVPNAG46nbgs6jXPGvv,https://api.spotify.com/v1/tracks/2EBCVPNAG46nbgs6jXPGvv,https://api.spotify.com/v1/audio-analysis/2EBCVPNAG46nbgs6jXPGvv,210627,4
10,0.866,0.454,0,-9.383,1,0.0414,0.0373,1.49e-06,0.275,0.368,99.985,audio_features,0CXVjQI9wsqaGeIARkkpYc,spotify:track:0CXVjQI9wsqaGeIARkkpYc,https://api.spotify.com/v1/tracks/0CXVjQI9wsqaGeIARkkpYc,https://api.spotify.com/v1/audio-analysis/0CXVjQI9wsqaGeIARkkpYc,247067,4
11,0.867,0.857,9,-5.892,1,0.0663,0.13,0.00171,0.13,0.402,130.048,audio_features,3oDFtOhcN08qeDPAK6MEQG,spotify:track:3oDFtOhcN08qeDPAK6MEQG,https://api.spotify.com/v1/tracks/3oDFtOhcN08qeDPAK6MEQG,https://api.spotify.com/v1/audio-analysis/3oDFtOhcN08qeDPAK6MEQG,251440,4
12,0.779,0.64,7,-8.415,1,0.159,0.000155,0.00077,0.101,0.498,99.019,audio_features,4TsmezEQVSZNNPv5RJ65Ov,spotify:track:4TsmezEQVSZNNPv5RJ65Ov,https://api.spotify.com/v1/tracks/4TsmezEQVSZNNPv5RJ65Ov,https://api.spotify.com/v1/audio-analysis/4TsmezEQVSZNNPv5RJ65Ov,246960,4
13,0.781,0.745,4,-5.81,0,0.0332,0.198,1.14e-05,0.36,0.326,129.998,audio_features,1bM50INir8voAkVoKuvEUI,spotify:track:1bM50INir8voAkVoKuvEUI,https://api.spotify.com/v1/tracks/1bM50INir8voAkVoKuvEUI,https://api.spotify.com/v1/audio-analysis/1bM50INir8voAkVoKuvEUI,269493,4
14,0.614,0.574,11,-7.961,1,0.466,0.0253,3.2e-05,0.38,0.755,125.173,audio_features,5D2mYZuzcgjpchVY1pmTPh,spotify:track:5D2mYZuzcgjpchVY1pmTPh,https://api.spotify.com/v1/tracks/5D2mYZuzcgjpchVY1pmTPh,https://api.spotify.com/v1/audio-analysis/5D2mYZuzcgjpchVY1pmTPh,209107,5
15,0.612,0.84,11,-3.145,0,0.0509,0.112,0.0,0.116,0.438,129.042,audio_features,2V65y3PX4DkRhy1djlxd9p,spotify:track:2V65y3PX4DkRhy1djlxd9p,https://api.spotify.com/v1/tracks/2V65y3PX4DkRhy1djlxd9p,https://api.spotify.com/v1/audio-analysis/2V65y3PX4DkRhy1djlxd9p,212862,4
16,0.506,0.805,1,-4.119,1,0.0469,0.00711,0.00193,0.0856,0.383,126.008,audio_features,6Awg3vdlBZnLnVWBcyG0vW,spotify:track:6Awg3vdlBZnLnVWBcyG0vW,https://api.spotify.com/v1/tracks/6Awg3vdlBZnLnVWBcyG0vW,https://api.spotify.com/v1/audio-analysis/6Awg3vdlBZnLnVWBcyG0vW,227074,4
17,0.727,0.552,2,-8.074,0,0.14,0.227,0.000164,0.198,0.607,168.189,audio_features,0ARK753YaiJbpLUk7z5yIM,spotify:track:0ARK753YaiJbpLUk7z5yIM,https://api.spotify.com/v1/tracks/0ARK753YaiJbpLUk7z5yIM,https://api.spotify.com/v1/audio-analysis/0ARK753YaiJbpLUk7z5yIM,289160,4
18,0.706,0.751,9,-6.323,1,0.0708,0.173,0.0,0.168,0.195,91.031,audio_features,4E5P1XyAFtrjpiIxkydly4,spotify:track:4E5P1XyAFtrjpiIxkydly4,https://api.spotify.com/v1/tracks/4E5P1XyAFtrjpiIxkydly4,https://api.spotify.com/v1/audio-analysis/4E5P1XyAFtrjpiIxkydly4,182307,4
19,0.768,0.82,7,-4.63,0,0.0474,0.179,0.0,0.689,0.625,129.965,audio_features,2V4bv1fNWfTcyRJKmej6Sj,spotify:track:2V4bv1fNWfTcyRJKmej6Sj,https://api.spotify.com/v1/tracks/2V4bv1fNWfTcyRJKmej6Sj,https://api.spotify.com/v1/audio-analysis/2V4bv1fNWfTcyRJKmej6Sj,213293,4
20,0.607,0.934,3,-4.217,1,0.0314,0.0327,0.0,0.0909,0.568,122.01,audio_features,7ElF5zxOwYP4qVSWVvse3W,spotify:track:7ElF5zxOwYP4qVSWVvse3W,https://api.spotify.com/v1/tracks/7ElF5zxOwYP4qVSWVvse3W,https://api.spotify.com/v1/audio-analysis/7ElF5zxOwYP4qVSWVvse3W,201547,4
21,0.616,0.869,0,-3.911,1,0.0327,0.0283,0.0,0.064,0.473,127.966,audio_features,6ebkx7Q5tTxrCxKq4GYj0Y,spotify:track:6ebkx7Q5tTxrCxKq4GYj0Y,https://api.spotify.com/v1/tracks/6ebkx7Q5tTxrCxKq4GYj0Y,https://api.spotify.com/v1/audio-analysis/6ebkx7Q5tTxrCxKq4GYj0Y,234560,4
22,0.743,0.766,0,-6.375,1,0.0265,0.0873,0.0,0.509,0.61,127.96,audio_features,4kLLWz7srcuLKA7Et40PQR,spotify:track:4kLLWz7srcuLKA7Et40PQR,https://api.spotify.com/v1/tracks/4kLLWz7srcuLKA7Et40PQR,https://api.spotify.com/v1/audio-analysis/4kLLWz7srcuLKA7Et40PQR,289133,4
23,0.72,0.607,1,-4.168,1,0.0322,0.0543,0.0,0.113,0.828,121.223,audio_features,4vVTI94F9uJ8lHNDWKv0i2,spotify:track:4vVTI94F9uJ8lHNDWKv0i2,https://api.spotify.com/v1/tracks/4vVTI94F9uJ8lHNDWKv0i2,https://api.spotify.com/v1/audio-analysis/4vVTI94F9uJ8lHNDWKv0i2,201947,4
24,0.788,0.753,0,-3.71,1,0.0536,0.0038,0.0,0.18,0.403,125.005,audio_features,3f7gYMirBEKuc57218BjOY,spotify:track:3f7gYMirBEKuc57218BjOY,https://api.spotify.com/v1/tracks/3f7gYMirBEKuc57218BjOY,https://api.spotify.com/v1/audio-analysis/3f7gYMirBEKuc57218BjOY,234653,4
25,0.747,0.937,0,-5.746,1,0.0453,0.0208,0.0,0.29,0.739,103.976,audio_features,3bC1ahPIYt1btJzSSEyyrF,spotify:track:3bC1ahPIYt1btJzSSEyyrF,https://api.spotify.com/v1/tracks/3bC1ahPIYt1btJzSSEyyrF,https://api.spotify.com/v1/audio-analysis/3bC1ahPIYt1btJzSSEyyrF,224653,4
26,0.646,0.795,9,-3.293,1,0.0976,0.0319,0.0,0.267,0.796,89.99,audio_features,63pQm5g0IXLckrv9X3KEyX,spotify:track:63pQm5g0IXLckrv9X3KEyX,https://api.spotify.com/v1/tracks/63pQm5g0IXLckrv9X3KEyX,https://api.spotify.com/v1/audio-analysis/63pQm5g0IXLckrv9X3KEyX,210960,4
27,0.606,0.883,3,-3.243,1,0.0423,0.00872,0.0,0.0698,0.608,128.053,audio_features,5pmL3RzOy3IvGFaSDi4hZL,spotify:track:5pmL3RzOy3IvGFaSDi4hZL,https://api.spotify.com/v1/tracks/5pmL3RzOy3IvGFaSDi4hZL,https://api.spotify.com/v1/audio-analysis/5pmL3RzOy3IvGFaSDi4hZL,244907,4
28,0.608,0.86,5,-5.324,0,0.0554,0.0991,0.0,0.262,0.437,127.075,audio_features,1NpW5kyvO4XrNJ3rnfcNy3,spotify:track:1NpW5kyvO4XrNJ3rnfcNy3,https://api.spotify.com/v1/tracks/1NpW5kyvO4XrNJ3rnfcNy3,https://api.spotify.com/v1/audio-analysis/1NpW5kyvO4XrNJ3rnfcNy3,232947,4
29,0.749,0.925,10,-5.034,1,0.227,0.241,0.0,0.52,0.641,86.989,audio_features,15JINEqzVMv3SvJTAXAKED,spotify:track:15JINEqzVMv3SvJTAXAKED,https://api.spotify.com/v1/tracks/15JINEqzVMv3SvJTAXAKED,https://api.spotify.com/v1/audio-analysis/15JINEqzVMv3SvJTAXAKED,263373,4
30,0.673,0.886,1,-4.44,0,0.0431,0.185,0.0,0.0826,0.795,97.012,audio_features,4HlFJV71xXKIGcU3kRyttv,spotify:track:4HlFJV71xXKIGcU3kRyttv,https://api.spotify.com/v1/tracks/4HlFJV71xXKIGcU3kRyttv,https://api.spotify.com/v1/audio-analysis/4HlFJV71xXKIGcU3kRyttv,216773,4
31,0.361,0.831,7,-1.944,1,0.198,0.147,0.0,0.244,0.24,168.617,audio_features,568BqBOqxp0xyv93dmjv3Q,spotify:track:568BqBOqxp0xyv93dmjv3Q,https://api.spotify.com/v1/tracks/568BqBOqxp0xyv93dmjv3Q,https://api.spotify.com/v1/audio-analysis/568BqBOqxp0xyv93dmjv3Q,238773,4
32,0.658,0.677,5,-6.628,1,0.0393,0.248,0.0,0.368,0.248,124.91,audio_features,4kte3OcW800TPvOVgrLLj8,spotify:track:4kte3OcW800TPvOVgrLLj8,https://api.spotify.com/v1/tracks/4kte3OcW800TPvOVgrLLj8,https://api.spotify.com/v1/audio-analysis/4kte3OcW800TPvOVgrLLj8,251627,4
33,0.652,0.605,8,-7.371,1,0.0393,0.00481,0.0,0.0605,0.394,126.091,audio_features,360UM2DaiHZPRu0EsrOvMp,spotify:track:360UM2DaiHZPRu0EsrOvMp,https://api.spotify.com/v1/tracks/360UM2DaiHZPRu0EsrOvMp,https://api.spotify.com/v1/audio-analysis/360UM2DaiHZPRu0EsrOvMp,292707,4
34,0.676,0.695,0,-8.327,1,0.245,0.352,0.0,0.119,0.144,90.268,audio_features,5zpDHEU12zATwLGvozxPw2,spotify:track:5zpDHEU12zATwLGvozxPw2,https://api.spotify.com/v1/tracks/5zpDHEU12zATwLGvozxPw2,https://api.spotify.com/v1/audio-analysis/5zpDHEU12zATwLGvozxPw2,303813,4
35,0.718,0.776,7,-5.208,0,0.0693,0.000624,5.3e-06,0.207,0.622,120.015,audio_features,4S9zTd8Oj77G0WhHK3Apuk,spotify:track:4S9zTd8Oj77G0WhHK3Apuk,https://api.spotify.com/v1/tracks/4S9zTd8Oj77G0WhHK3Apuk,https://api.spotify.com/v1/audio-analysis/4S9zTd8Oj77G0WhHK3Apuk,227787,4
36,0.693,0.549,1,-8.141,1,0.119,0.0109,0.0,0.0677,0.605,80.028,audio_features,1tkMs9wDPknQ3ZHcKDw1ES,spotify:track:1tkMs9wDPknQ3ZHcKDw1ES,https://api.spotify.com/v1/tracks/1tkMs9wDPknQ3ZHcKDw1ES,https://api.spotify.com/v1/audio-analysis/1tkMs9wDPknQ3ZHcKDw1ES,227960,4
37,0.602,0.691,7,-5.197,0,0.051,0.0548,0.0,0.144,0.206,127.967,audio_features,18VfHIPaCo0s6FTi1Fnp6T,spotify:track:18VfHIPaCo0s6FTi1Fnp6T,https://api.spotify.com/v1/tracks/18VfHIPaCo0s6FTi1Fnp6T,https://api.spotify.com/v1/audio-analysis/18VfHIPaCo0s6FTi1Fnp6T,222307,4
38,0.637,0.732,7,-6.209,0,0.0965,0.244,0.0,0.498,0.68,128.108,audio_features,4b4c0oH7PtrPsI86drzgFs,spotify:track:4b4c0oH7PtrPsI86drzgFs,https://api.spotify.com/v1/tracks/4b4c0oH7PtrPsI86drzgFs,https://api.spotify.com/v1/audio-analysis/4b4c0oH7PtrPsI86drzgFs,198800,4
39,0.704,0.558,2,-7.273,0,0.0542,0.148,0.0,0.107,0.245,110.444,audio_features,4lLtanYk6tkMvooU0tWzG8,spotify:track:4lLtanYk6tkMvooU0tWzG8,https://api.spotify.com/v1/tracks/4lLtanYk6tkMvooU0tWzG8,https://api.spotify.com/v1/audio-analysis/4lLtanYk6tkMvooU0tWzG8,222091,4
40,0.684,0.834,2,-4.524,0,0.0675,0.0646,0.0,0.271,0.538,164.02,audio_features,5A6OHHy73AR5tLxgTc98zz,spotify:track:5A6OHHy73AR5tLxgTc98zz,https://api.spotify.com/v1/tracks/5A6OHHy73AR5tLxgTc98zz,https://api.spotify.com/v1/audio-analysis/5A6OHHy73AR5tLxgTc98zz,217667,4
41,0.627,0.703,0,-4.884,1,0.236,0.563,0.0,0.0962,0.64,81.897,audio_features,0C6BYlsXKgAQPnMfbYOnV4,spotify:track:0C6BYlsXKgAQPnMfbYOnV4,https://api.spotify.com/v1/tracks/0C6BYlsXKgAQPnMfbYOnV4,https://api.spotify.com/v1/audio-analysis/0C6BYlsXKgAQPnMfbYOnV4,217307,4
42,0.731,0.807,3,-6.492,0,0.1,0.181,0.751,0.319,0.765,114.759,audio_features,2bLqfJjuC5syrsgDsZfGmn,spotify:track:2bLqfJjuC5syrsgDsZfGmn,https://api.spotify.com/v1/tracks/2bLqfJjuC5syrsgDsZfGmn,https://api.spotify.com/v1/audio-analysis/2bLqfJjuC5syrsgDsZfGmn,179120,4
43,0.794,0.711,8,-5.124,0,0.0699,0.3,0.0,0.0955,0.955,174.915,audio_features,386RUes7n1uM1yfzgeUuwp,spotify:track:386RUes7n1uM1yfzgeUuwp,https://api.spotify.com/v1/tracks/386RUes7n1uM1yfzgeUuwp,https://api.spotify.com/v1/audio-analysis/386RUes7n1uM1yfzgeUuwp,189109,4
44,0.56,0.872,3,-4.269,1,0.14,0.0239,6.98e-06,0.371,0.682,126.05,audio_features,1kPpge9JDLpcj15qgrPbYX,spotify:track:1kPpge9JDLpcj15qgrPbYX,https://api.spotify.com/v1/tracks/1kPpge9JDLpcj15qgrPbYX,https://api.spotify.com/v1/audio-analysis/1kPpge9JDLpcj15qgrPbYX,205933,4
45,0.603,0.92,8,-4.804,0,0.0631,0.000887,2.8e-06,0.105,0.791,128.065,audio_features,7CPe0Y5CSLq2iHARmPsyPK,spotify:track:7CPe0Y5CSLq2iHARmPsyPK,https://api.spotify.com/v1/tracks/7CPe0Y5CSLq2iHARmPsyPK,https://api.spotify.com/v1/audio-analysis/7CPe0Y5CSLq2iHARmPsyPK,202617,4
46,0.772,0.685,5,-6.849,1,0.0696,0.019,8.96e-05,0.131,0.501,130.033,audio_features,2iJuuzV8P9Yz0VSurttIV5,spotify:track:2iJuuzV8P9Yz0VSurttIV5,https://api.spotify.com/v1/tracks/2iJuuzV8P9Yz0VSurttIV5,https://api.spotify.com/v1/audio-analysis/2iJuuzV8P9Yz0VSurttIV5,283400,4
47,0.706,0.842,0,-4.628,0,0.038,0.0476,0.0,0.134,0.818,104.958,audio_features,71R6zJsrF3ffc3TBFHfivX,spotify:track:71R6zJsrF3ffc3TBFHfivX,https://api.spotify.com/v1/tracks/71R6zJsrF3ffc3TBFHfivX,https://api.spotify.com/v1/audio-analysis/71R6zJsrF3ffc3TBFHfivX,224720,4
48,0.557,0.814,10,-4.469,0,0.0872,0.0114,7.97e-05,0.345,0.616,127.969,audio_features,12HgZnRqGPwIZJD0gPsUor,spotify:track:12HgZnRqGPwIZJD0gPsUor,https://api.spotify.com/v1/tracks/12HgZnRqGPwIZJD0gPsUor,https://api.spotify.com/v1/audio-analysis/12HgZnRqGPwIZJD0gPsUor,234053,4
49,0.675,0.602,11,-4.733,0,0.116,0.00377,0.0,0.0458,0.933,127.938,audio_features,6qUSs4FDzZUdAhY6JDIJfa,spotify:track:6qUSs4FDzZUdAhY6JDIJfa,https://api.spotify.com/v1/tracks/6qUSs4FDzZUdAhY6JDIJfa,https://api.spotify.com/v1/audio-analysis/6qUSs4FDzZUdAhY6JDIJfa,201040,4
50,0.686,0.588,7,-8.343,0,0.0554,0.178,0.0,0.0954,0.617,94.519,audio_features,7GaFYUqP2WdR4KTPk7cXoP,spotify:track:7GaFYUqP2WdR4KTPk7cXoP,https://api.spotify.com/v1/tracks/7GaFYUqP2WdR4KTPk7cXoP,https://api.spotify.com/v1/audio-analysis/7GaFYUqP2WdR4KTPk7cXoP,249120,4
51,0.792,0.808,5,-4.156,1,0.0963,0.335,0.0,0.269,0.709,92.064,audio_features,0wDbYIl4fN2mccHczCJqEf,spotify:track:0wDbYIl4fN2mccHczCJqEf,https://api.spotify.com/v1/tracks/0wDbYIl4fN2mccHczCJqEf,https://api.spotify.com/v1/audio-analysis/0wDbYIl4fN2mccHczCJqEf,230600,4
52,0.716,0.821,5,-3.435,0,0.0314,0.0558,0.0,0.0844,0.618,92.997,audio_features,6cpk00i5TxCqSeqNi2HuIe,spotify:track:6cpk00i5TxCqSeqNi2HuIe,https://api.spotify.com/v1/tracks/6cpk00i5TxCqSeqNi2HuIe,https://api.spotify.com/v1/audio-analysis/6cpk00i5TxCqSeqNi2HuIe,219547,4
53,0.747,0.716,1,-5.152,0,0.0308,0.0828,7.59e-06,0.0773,0.849,128.001,audio_features,2fANKpHqnRTIOvaBVELpav,spotify:track:2fANKpHqnRTIOvaBVELpav,https://api.spotify.com/v1/tracks/2fANKpHqnRTIOvaBVELpav,https://api.spotify.com/v1/audio-analysis/2fANKpHqnRTIOvaBVELpav,182657,4
54,0.791,0.59,1,-9.206,0,0.0793,0.0994,0.00203,0.065,0.714,119.951,audio_features,2GYHyAoLWpkxLVa4oYTVko,spotify:track:2GYHyAoLWpkxLVa4oYTVko,https://api.spotify.com/v1/tracks/2GYHyAoLWpkxLVa4oYTVko,https://api.spotify.com/v1/audio-analysis/2GYHyAoLWpkxLVa4oYTVko,206067,4
55,0.726,0.795,9,-4.653,1,0.029,0.136,0.0,0.698,0.952,115.995,audio_features,7rbWpbXVwY2DFrZpWYPtVj,spotify:track:7rbWpbXVwY2DFrZpWYPtVj,https://api.spotify.com/v1/tracks/7rbWpbXVwY2DFrZpWYPtVj,https://api.spotify.com/v1/audio-analysis/7rbWpbXVwY2DFrZpWYPtVj,209467,4
56,0.752,0.872,6,-4.186,1,0.117,0.12,0.0,0.234,0.677,123.888,audio_features,4HQ9gXAtONKs8NCM0MFUTu,spotify:track:4HQ9gXAtONKs8NCM0MFUTu,https://api.spotify.com/v1/tracks/4HQ9gXAtONKs8NCM0MFUTu,https://api.spotify.com/v1/audio-analysis/4HQ9gXAtONKs8NCM0MFUTu,195960,4
57,0.644,0.87,0,-5.375,0,0.0493,0.00601,2.7e-05,0.11,0.669,127.998,audio_features,1uwvFDe1dTUsNkOGP02cM5,spotify:track:1uwvFDe1dTUsNkOGP02cM5,https://api.spotify.com/v1/tracks/1uwvFDe1dTUsNkOGP02cM5,https://api.spotify.com/v1/audio-analysis/1uwvFDe1dTUsNkOGP02cM5,201778,4
58,0.843,0.8,1,-4.061,1,0.0336,0.179,0.0,0.118,0.961,133.026,audio_features,3RM5RpRDDdST1njqOMG141,spotify:track:3RM5RpRDDdST1njqOMG141,https://api.spotify.com/v1/tracks/3RM5RpRDDdST1njqOMG141,https://api.spotify.com/v1/audio-analysis/3RM5RpRDDdST1njqOMG141,196120,4
59,0.616,0.872,0,-4.69,0,0.0387,0.00673,0.0,0.453,0.563,128.023,audio_features,5lSI1H86hAJktYCq2WpX9J,spotify:track:5lSI1H86hAJktYCq2WpX9J,https://api.spotify.com/v1/tracks/5lSI1H86hAJktYCq2WpX9J,https://api.spotify.com/v1/audio-analysis/5lSI1H86hAJktYCq2WpX9J,212468,4
60,0.802,0.821,9,-4.987,1,0.0824,0.0327,0.0,0.13,0.595,100.113,audio_features,3vaBHxfz5WPBLLPt1hTUvI,spotify:track:3vaBHxfz5WPBLLPt1hTUvI,https://api.spotify.com/v1/tracks/3vaBHxfz5WPBLLPt1hTUvI,https://api.spotify.com/v1/audio-analysis/3vaBHxfz5WPBLLPt1hTUvI,209453,4
61,0.763,0.82,11,-4.183,0,0.0577,0.0509,0.00019,0.107,0.829,125.027,audio_features,6YyL7wKVozxjgx5E0bX1Bw,spotify:track:6YyL7wKVozxjgx5E0bX1Bw,https://api.spotify.com/v1/tracks/6YyL7wKVozxjgx5E0bX1Bw,https://api.spotify.com/v1/audio-analysis/6YyL7wKVozxjgx5E0bX1Bw,218600,4
62,0.706,0.884,3,-4.316,1,0.0439,0.013,0.0,0.483,0.873,127.972,audio_features,1iFNLADhr40etINzJ4c2gL,spotify:track:1iFNLADhr40etINzJ4c2gL,https://api.spotify.com/v1/tracks/1iFNLADhr40etINzJ4c2gL,https://api.spotify.com/v1/audio-analysis/1iFNLADhr40etINzJ4c2gL,207725,4
63,0.647,0.833,0,-7.014,1,0.0394,2.38e-05,0.144,0.0402,0.761,128.053,audio_features,7gMR4moPZOifI1p2Htn6uL,spotify:track:7gMR4moPZOifI1p2Htn6uL,https://api.spotify.com/v1/tracks/7gMR4moPZOifI1p2Htn6uL,https://api.spotify.com/v1/audio-analysis/7gMR4moPZOifI1p2Htn6uL,199520,4
64,0.359,0.889,1,-1.712,0,0.0869,0.0548,0.0,0.259,0.463,180.039,audio_features,31mXBmSoVPbpWpm3nu0AND,spotify:track:31mXBmSoVPbpWpm3nu0AND,https://api.spotify.com/v1/tracks/31mXBmSoVPbpWpm3nu0AND,https://api.spotify.com/v1/audio-analysis/31mXBmSoVPbpWpm3nu0AND,210325,4
65,0.713,0.956,0,-1.926,1,0.0744,0.00617,0.0,0.109,0.627,128.012,audio_features,4Uc2BwXpvQ5Z8DBxKEnPsu,spotify:track:4Uc2BwXpvQ5Z8DBxKEnPsu,https://api.spotify.com/v1/tracks/4Uc2BwXpvQ5Z8DBxKEnPsu,https://api.spotify.com/v1/audio-analysis/4Uc2BwXpvQ5Z8DBxKEnPsu,187493,4
66,0.661,0.748,5,-8.178,1,0.0689,0.00641,2.08e-05,0.467,0.428,128.183,audio_features,6jbglMwIqyg1G1N96COAsD,spotify:track:6jbglMwIqyg1G1N96COAsD,https://api.spotify.com/v1/tracks/6jbglMwIqyg1G1N96COAsD,https://api.spotify.com/v1/audio-analysis/6jbglMwIqyg1G1N96COAsD,224173,4
67,0.587,0.856,2,-6.01,1,0.0345,0.0148,0.0,0.262,0.765,128.003,audio_features,0QlxihOJXmF51yir8AcsJO,spotify:track:0QlxihOJXmF51yir8AcsJO,https://api.spotify.com/v1/tracks/0QlxihOJXmF51yir8AcsJO,https://api.spotify.com/v1/audio-analysis/0QlxihOJXmF51yir8AcsJO,208388,4
68,0.963,0.298,11,-5.748,0,0.125,0.0181,0.0156,0.0756,0.802,130.014,audio_features,6xlgLRzZNTaeYmiwpB8HMi,spotify:track:6xlgLRzZNTaeYmiwpB8HMi,https://api.spotify.com/v1/tracks/6xlgLRzZNTaeYmiwpB8HMi,https://api.spotify.com/v1/audio-analysis/6xlgLRzZNTaeYmiwpB8HMi,312000,4
69,0.59,0.8,0,-4.187,1,0.0591,0.315,0.0,0.0962,0.64,151.887,audio_features,4NZvhN4bENiMBxlxyHujlZ,spotify:track:4NZvhN4bENiMBxlxyHujlZ,https://api.spotify.com/v1/tracks/4NZvhN4bENiMBxlxyHujlZ,https://api.spotify.com/v1/audio-analysis/4NZvhN4bENiMBxlxyHujlZ,212507,4
70,0.772,0.65,6,-5.202,0,0.0306,0.107,1.13e-06,0.0905,0.262,125.083,audio_features,3wPPWcVuinAU7dXcJXtCID,spotify:track:3wPPWcVuinAU7dXcJXtCID,https://api.spotify.com/v1/tracks/3wPPWcVuinAU7dXcJXtCID,https://api.spotify.com/v1/audio-analysis/3wPPWcVuinAU7dXcJXtCID,222200,4
71,0.585,0.972,9,-4.45,0,0.0534,0.0143,0.0,0.0707,0.585,110.006,audio_features,7oVEtyuv9NBmnytsCIsY5I,spotify:track:7oVEtyuv9NBmnytsCIsY5I,https://api.spotify.com/v1/tracks/7oVEtyuv9NBmnytsCIsY5I,https://api.spotify.com/v1/audio-analysis/7oVEtyuv9NBmnytsCIsY5I,230253,4
72,0.717,0.574,7,-9.861,0,0.0306,0.267,0.0149,0.148,0.375,94.842,audio_features,0l4TYp8iUmRhD6wV4KLUEx,spotify:track:0l4TYp8iUmRhD6wV4KLUEx,https://api.spotify.com/v1/tracks/0l4TYp8iUmRhD6wV4KLUEx,https://api.spotify.com/v1/audio-analysis/0l4TYp8iUmRhD6wV4KLUEx,211400,4
73,0.734,0.809,10,-7.264,0,0.0839,0.0266,0.0,0.0642,0.254,116.024,audio_features,34dx8DACTJsc3rsJdaEIQw,spotify:track:34dx8DACTJsc3rsJdaEIQw,https://api.spotify.com/v1/tracks/34dx8DACTJsc3rsJdaEIQw,https://api.spotify.com/v1/audio-analysis/34dx8DACTJsc3rsJdaEIQw,232147,4
74,0.616,0.658,6,-8.087,0,0.0561,0.0809,0.0,0.512,0.732,119.926,audio_features,6DjDbtkkOl2ALXEYuPeUgV,spotify:track:6DjDbtkkOl2ALXEYuPeUgV,https://api.spotify.com/v1/tracks/6DjDbtkkOl2ALXEYuPeUgV,https://api.spotify.com/v1/audio-analysis/6DjDbtkkOl2ALXEYuPeUgV,194053,4
75,0.832,0.838,1,-5.414,0,0.0421,0.0791,0.0,0.152,0.965,100.021,audio_features,5fRvePkRGdpn2nKacG7I6d,spotify:track:5fRvePkRGdpn2nKacG7I6d,https://api.spotify.com/v1/tracks/5fRvePkRGdpn2nKacG7I6d,https://api.spotify.com/v1/audio-analysis/5fRvePkRGdpn2nKacG7I6d,218733,4
76,0.379,0.647,5,-7.72,0,0.197,0.214,0.0,0.125,0.342,217.648,audio_features,2IsKaRJ7UvvJWevayDVrcC,spotify:track:2IsKaRJ7UvvJWevayDVrcC,https://api.spotify.com/v1/tracks/2IsKaRJ7UvvJWevayDVrcC,https://api.spotify.com/v1/audio-analysis/2IsKaRJ7UvvJWevayDVrcC,204027,4
77,0.545,0.781,10,-3.616,1,0.185,0.0139,0.0,0.161,0.277,150.097,audio_features,12PNcnMsjsZ3eHm62t8hiy,spotify:track:12PNcnMsjsZ3eHm62t8hiy,https://api.spotify.com/v1/tracks/12PNcnMsjsZ3eHm62t8hiy,https://api.spotify.com/v1/audio-analysis/12PNcnMsjsZ3eHm62t8hiy,232507,4
78,0.726,0.787,4,-2.494,1,0.0737,0.009,0.0,0.0596,0.888,124.99,audio_features,4cluDES4hQEUhmXj6TXkSo,spotify:track:4cluDES4hQEUhmXj6TXkSo,https://api.spotify.com/v1/tracks/4cluDES4hQEUhmXj6TXkSo,https://api.spotify.com/v1/audio-analysis/4cluDES4hQEUhmXj6TXkSo,199987,4
79,0.853,0.599,7,-4.756,1,0.0411,0.00334,7.93e-06,0.0759,0.843,119.993,audio_features,0n4bITAu0Y0nigrz3MFJMb,spotify:track:0n4bITAu0Y0nigrz3MFJMb,https://api.spotify.com/v1/tracks/0n4bITAu0Y0nigrz3MFJMb,https://api.spotify.com/v1/audio-analysis/0n4bITAu0Y0nigrz3MFJMb,263827,4
80,0.729,0.675,8,-6.003,1,0.0312,0.175,1.58e-06,0.55,0.779,119.968,audio_features,1fidCEsYlaVE3pHwKCvpFZ,spotify:track:1fidCEsYlaVE3pHwKCvpFZ,https://api.spotify.com/v1/tracks/1fidCEsYlaVE3pHwKCvpFZ,https://api.spotify.com/v1/audio-analysis/1fidCEsYlaVE3pHwKCvpFZ,245867,4
81,0.74,0.895,4,-3.924,0,0.0598,0.0285,0.0183,0.118,0.823,127.046,audio_features,2HLNAwkpC4PGDztekulv0i,spotify:track:2HLNAwkpC4PGDztekulv0i,https://api.spotify.com/v1/tracks/2HLNAwkpC4PGDztekulv0i,https://api.spotify.com/v1/audio-analysis/2HLNAwkpC4PGDztekulv0i,193819,4
82,0.759,0.932,7,-3.753,1,0.0665,0.0511,0.0,0.31,0.886,86.507,audio_features,7HJR8g8Td2LdZagZlK2oHy,spotify:track:7HJR8g8Td2LdZagZlK2oHy,https://api.spotify.com/v1/tracks/7HJR8g8Td2LdZagZlK2oHy,https://api.spotify.com/v1/audio-analysis/7HJR8g8Td2LdZagZlK2oHy,230187,4
83,0.789,0.916,0,-3.262,1,0.249,0.0135,8.09e-06,0.077,0.658,127.956,audio_features,1HOlb9rdNOmy9b1Fakicjo,spotify:track:1HOlb9rdNOmy9b1Fakicjo,https://api.spotify.com/v1/tracks/1HOlb9rdNOmy9b1Fakicjo,https://api.spotify.com/v1/audio-analysis/1HOlb9rdNOmy9b1Fakicjo,183750,4
84,0.646,0.823,2,-4.123,0,0.0394,0.213,0.0,0.322,0.418,128.035,audio_features,7MmG8p0F9N3C4AXdK6o6Eb,spotify:track:7MmG8p0F9N3C4AXdK6o6Eb,https://api.spotify.com/v1/tracks/7MmG8p0F9N3C4AXdK6o6Eb,https://api.spotify.com/v1/audio-analysis/7MmG8p0F9N3C4AXdK6o6Eb,227267,4
85,0.645,0.766,7,-8.592,0,0.144,0.00286,0.0,0.223,0.559,127.88,audio_features,01ZSOnjlyW3tKMLq9ECXXm,spotify:track:01ZSOnjlyW3tKMLq9ECXXm,https://api.spotify.com/v1/tracks/01ZSOnjlyW3tKMLq9ECXXm,https://api.spotify.com/v1/audio-analysis/01ZSOnjlyW3tKMLq9ECXXm,236878,4
86,0.647,0.514,8,-10.05,1,0.0593,0.0655,0.0,0.398,0.386,79.975,audio_features,1DIXPcTDzTj8ZMHt3PDt8p,spotify:track:1DIXPcTDzTj8ZMHt3PDt8p,https://api.spotify.com/v1/tracks/1DIXPcTDzTj8ZMHt3PDt8p,https://api.spotify.com/v1/audio-analysis/1DIXPcTDzTj8ZMHt3PDt8p,240693,4
87,0.797,0.795,8,-10.451,0,0.16,0.0173,0.0,0.267,0.865,127.916,audio_features,6LN8DFHGvW3KHfexvOanbF,spotify:track:6LN8DFHGvW3KHfexvOanbF,https://api.spotify.com/v1/tracks/6LN8DFHGvW3KHfexvOanbF,https://api.spotify.com/v1/audio-analysis/6LN8DFHGvW3KHfexvOanbF,236733,4
88,0.584,0.699,1,-6.065,0,0.0378,6.52e-05,6.05e-05,0.486,0.585,82.499,audio_features,1ctdfJSzp6qF2iDAVdDrfl,spotify:track:1ctdfJSzp6qF2iDAVdDrfl,https://api.spotify.com/v1/tracks/1ctdfJSzp6qF2iDAVdDrfl,https://api.spotify.com/v1/audio-analysis/1ctdfJSzp6qF2iDAVdDrfl,212400,4
89,0.51,0.931,11,-3.302,1,0.347,0.0738,0.0,0.5,0.53,201.936,audio_features,0LWkaEyQRkF0XAms8Bg1fC,spotify:track:0LWkaEyQRkF0XAms8Bg1fC,https://api.spotify.com/v1/tracks/0LWkaEyQRkF0XAms8Bg1fC,https://api.spotify.com/v1/audio-analysis/0LWkaEyQRkF0XAms8Bg1fC,268867,4
90,0.621,0.41,11,-7.806,1,0.386,0.199,0.0,0.11,0.337,68.055,audio_features,3Mf5lroDtECoRWVUWnHCo8,spotify:track:3Mf5lroDtECoRWVUWnHCo8,https://api.spotify.com/v1/tracks/3Mf5lroDtECoRWVUWnHCo8,https://api.spotify.com/v1/audio-analysis/3Mf5lroDtECoRWVUWnHCo8,200280,5
91,0.771,0.621,1,-7.453,1,0.0376,0.0297,0.0,0.124,0.154,101.007,audio_features,0jrz4ZQKCsC6h2vzqgHiEp,spotify:track:0jrz4ZQKCsC6h2vzqgHiEp,https://api.spotify.com/v1/tracks/0jrz4ZQKCsC6h2vzqgHiEp,https://api.spotify.com/v1/audio-analysis/0jrz4ZQKCsC6h2vzqgHiEp,334067,4
92,0.787,0.759,2,-4.957,0,0.121,0.0665,0.0,0.0711,0.146,126.004,audio_features,1lr5prHQn7Q766Ix6eGRKK,spotify:track:1lr5prHQn7Q766Ix6eGRKK,https://api.spotify.com/v1/tracks/1lr5prHQn7Q766Ix6eGRKK,https://api.spotify.com/v1/audio-analysis/1lr5prHQn7Q766Ix6eGRKK,161453,4
93,0.529,0.948,0,-3.527,1,0.0474,0.258,9.35e-06,0.283,0.65,146.024,audio_features,5XRHGXut00SrJUFmcn2lQF,spotify:track:5XRHGXut00SrJUFmcn2lQF,https://api.spotify.com/v1/tracks/5XRHGXut00SrJUFmcn2lQF,https://api.spotify.com/v1/audio-analysis/5XRHGXut00SrJUFmcn2lQF,238000,4
94,0.699,0.529,2,-7.548,1,0.0487,0.0317,3.59e-05,0.285,0.121,119.987,audio_features,3DmW6y7wTEYHJZlLo1r6XJ,spotify:track:3DmW6y7wTEYHJZlLo1r6XJ,https://api.spotify.com/v1/tracks/3DmW6y7wTEYHJZlLo1r6XJ,https://api.spotify.com/v1/audio-analysis/3DmW6y7wTEYHJZlLo1r6XJ,206167,4
95,0.621,0.907,2,-3.923,1,0.0474,0.091,0.0,0.067,0.884,128.056,audio_features,3s6ltUrI93LBKU8taezsLn,spotify:track:3s6ltUrI93LBKU8taezsLn,https://api.spotify.com/v1/tracks/3s6ltUrI93LBKU8taezsLn,https://api.spotify.com/v1/audio-analysis/3s6ltUrI93LBKU8taezsLn,233693,4
96,0.661,0.649,9,-7.668,0,0.0342,0.245,1.22e-05,0.11,0.388,100.893,audio_features,6kEpjptnAwt11Atr4cEMe1,spotify:track:6kEpjptnAwt11Atr4cEMe1,https://api.spotify.com/v1/tracks/6kEpjptnAwt11Atr4cEMe1,https://api.spotify.com/v1/audio-analysis/6kEpjptnAwt11Atr4cEMe1,311187,4
97,0.457,0.757,1,-5.177,1,0.032,0.0206,0.0,0.146,0.417,102.961,audio_features,2ihCaVdNZmnHZWt0fvAM7B,spotify:track:2ihCaVdNZmnHZWt0fvAM7B,https://api.spotify.com/v1/tracks/2ihCaVdNZmnHZWt0fvAM7B,https://api.spotify.com/v1/audio-analysis/2ihCaVdNZmnHZWt0fvAM7B,266600,4
98,0.572,0.572,6,-8.324,1,0.3,0.254,0.0,0.191,0.61,94.897,audio_features,5203pcq3cNteJuOVhIEnt6,spotify:track:5203pcq3cNteJuOVhIEnt6,https://api.spotify.com/v1/tracks/5203pcq3cNteJuOVhIEnt6,https://api.spotify.com/v1/audio-analysis/5203pcq3cNteJuOVhIEnt6,207187,4
99,0.691,0.921,8,-1.702,0,0.0533,0.173,0.0,0.331,0.8,130.072,audio_features,0BBZuOGGBj9u4X3rAfmae8,spotify:track:0BBZuOGGBj9u4X3rAfmae8,https://api.spotify.com/v1/tracks/0BBZuOGGBj9u4X3rAfmae8,https://api.spotify.com/v1/audio-analysis/0BBZuOGGBj9u4X3rAfmae8,201000,4
100,0.699,0.805,6,-3.05,0,0.0595,0.0383,0.0,0.502,0.722,127.009,audio_features,7448rwdrtddS5irSvOgPA6,spotify:track:7448rwdrtddS5irSvOgPA6,https://api.spotify.com/v1/tracks/7448rwdrtddS5irSvOgPA6,https://api.spotify.com/v1/audio-analysis/7448rwdrtddS5irSvOgPA6,216440,4
101,0.691,0.922,1,-3.766,0,0.152,0.0596,0.0,0.386,0.72,128.058,audio_features,5tmuKTnfayZkjDlukTz3vT,spotify:track:5tmuKTnfayZkjDlukTz3vT,https://api.spotify.com/v1/tracks/5tmuKTnfayZkjDlukTz3vT,https://api.spotify.com/v1/audio-analysis/5tmuKTnfayZkjDlukTz3vT,208612,4
102,0.683,0.804,9,-6.592,0,0.0849,0.00289,0.0,0.0949,0.522,128.007,audio_features,35w3imkurxO8IVBhQv1FVR,spotify:track:35w3imkurxO8IVBhQv1FVR,https://api.spotify.com/v1/tracks/35w3imkurxO8IVBhQv1FVR,https://api.spotify.com/v1/audio-analysis/35w3imkurxO8IVBhQv1FVR,237107,4
103,0.734,0.773,5,-5.782,0,0.24,0.0209,0.0016,0.878,0.573,128.029,audio_features,2UT8Re2t44hoUYCKJcOdqn,spotify:track:2UT8Re2t44hoUYCKJcOdqn,https://api.spotify.com/v1/tracks/2UT8Re2t44hoUYCKJcOdqn,https://api.spotify.com/v1/audio-analysis/2UT8Re2t44hoUYCKJcOdqn,180000,4
104,0.688,0.714,11,-4.48,0,0.0712,0.141,0.0,0.214,0.449,125.028,audio_features,60Qa4MfNC1dgVfuDF6rgMS,spotify:track:60Qa4MfNC1dgVfuDF6rgMS,https://api.spotify.com/v1/tracks/60Qa4MfNC1dgVfuDF6rgMS,https://api.spotify.com/v1/audio-analysis/60Qa4MfNC1dgVfuDF6rgMS,220280,4
105,0.751,0.783,4,-3.724,1,0.0859,0.00379,0.0,0.036,0.816,119.975,audio_features,2CEgGE6aESpnmtfiZwYlbV,spotify:track:2CEgGE6aESpnmtfiZwYlbV,https://api.spotify.com/v1/tracks/2CEgGE6aESpnmtfiZwYlbV,https://api.spotify.com/v1/audio-analysis/2CEgGE6aESpnmtfiZwYlbV,202613,4
106,0.616,0.862,7,-5.18,0,0.0973,0.00117,0.0,0.179,0.569,127.992,audio_features,12eMQUn2GzfsfsQLH53M19,spotify:track:12eMQUn2GzfsfsQLH53M19,https://api.spotify.com/v1/tracks/12eMQUn2GzfsfsQLH53M19,https://api.spotify.com/v1/audio-analysis/12eMQUn2GzfsfsQLH53M19,234693,4
107,0.693,0.822,4,-5.441,0,0.0439,0.00616,1.79e-06,0.315,0.763,126.035,audio_features,3zrYNl1aMdFrQkcOjKVr5u,spotify:track:3zrYNl1aMdFrQkcOjKVr5u,https://api.spotify.com/v1/tracks/3zrYNl1aMdFrQkcOjKVr5u,https://api.spotify.com/v1/audio-analysis/3zrYNl1aMdFrQkcOjKVr5u,223800,4
108,0.726,0.797,9,-4.097,1,0.0272,0.128,0.0,0.154,0.624,117.969,audio_features,79xJXZeudmfMq4ay9yCFGd,spotify:track:79xJXZeudmfMq4ay9yCFGd,https://api.spotify.com/v1/tracks/79xJXZeudmfMq4ay9yCFGd,https://api.spotify.com/v1/audio-analysis/79xJXZeudmfMq4ay9yCFGd,199987,4
109,0.781,0.526,6,-6.986,0,0.293,0.0633,0.0,0.0457,0.665,94.993,audio_features,6CjtS2JZH9RkDz5UVInsa9,spotify:track:6CjtS2JZH9RkDz5UVInsa9,https://api.spotify.com/v1/tracks/6CjtS2JZH9RkDz5UVInsa9,https://api.spotify.com/v1/audio-analysis/6CjtS2JZH9RkDz5UVInsa9,235613,4
110,0.76,0.652,6,-7.321,1,0.232,0.0348,0.0,0.307,0.759,100.315,audio_features,4X4tgBEUiT6WqB2oTJ5ynH,spotify:track:4X4tgBEUiT6WqB2oTJ5ynH,https://api.spotify.com/v1/tracks/4X4tgBEUiT6WqB2oTJ5ynH,https://api.spotify.com/v1/audio-analysis/4X4tgBEUiT6WqB2oTJ5ynH,177685,4
111,0.375,0.862,11,-3.363,0,0.255,0.071,0.0,0.211,0.478,159.841,audio_features,3jlbL2OTD5YmIunYzgQTAN,spotify:track:3jlbL2OTD5YmIunYzgQTAN,https://api.spotify.com/v1/tracks/3jlbL2OTD5YmIunYzgQTAN,https://api.spotify.com/v1/audio-analysis/3jlbL2OTD5YmIunYzgQTAN,338853,4
112,0.699,0.883,5,-3.226,0,0.219,0.0288,0.0,0.817,0.499,127.961,audio_features,3MOECVkNshqHYTPt5DZcdN,spotify:track:3MOECVkNshqHYTPt5DZcdN,https://api.spotify.com/v1/tracks/3MOECVkNshqHYTPt5DZcdN,https://api.spotify.com/v1/audio-analysis/3MOECVkNshqHYTPt5DZcdN,211975,4
113,0.61,0.906,0,-2.117,1,0.0648,0.00416,0.0,0.758,0.294,127.916,audio_features,2cZrrQMjB63c0iIugYH9zS,spotify:track:2cZrrQMjB63c0iIugYH9zS,https://api.spotify.com/v1/tracks/2cZrrQMjB63c0iIugYH9zS,https://api.spotify.com/v1/audio-analysis/2cZrrQMjB63c0iIugYH9zS,231573,4
114,0.421,0.822,2,-4.415,1,0.0542,0.0132,0.0,0.092,0.751,171.935,audio_features,03GtlqFgHW2RHE9iDA9E38,spotify:track:03GtlqFgHW2RHE9iDA9E38,https://api.spotify.com/v1/tracks/03GtlqFgHW2RHE9iDA9E38,https://api.spotify.com/v1/audio-analysis/03GtlqFgHW2RHE9iDA9E38,234787,4
115,0.673,0.758,7,-3.632,1,0.158,0.039,0.0,0.341,0.542,135.956,audio_features,1obZSxOoO12yWkwY1kY72N,spotify:track:1obZSxOoO12yWkwY1kY72N,https://api.spotify.com/v1/tracks/1obZSxOoO12yWkwY1kY72N,https://api.spotify.com/v1/audio-analysis/1obZSxOoO12yWkwY1kY72N,229507,4
116,0.594,0.841,1,-5.792,1,0.102,0.000238,2.22e-06,0.156,0.643,129.925,audio_features,1RMRkCn07y2xtBip9DzwmC,spotify:track:1RMRkCn07y2xtBip9DzwmC,https://api.spotify.com/v1/tracks/1RMRkCn07y2xtBip9DzwmC,https://api.spotify.com/v1/audio-analysis/1RMRkCn07y2xtBip9DzwmC,227973,4
117,0.765,0.837,1,-3.113,0,0.032,0.00107,1.06e-05,0.0801,0.721,122.028,audio_features,0KAiuUOrLTIkzkpfpn9jb9,spotify:track:0KAiuUOrLTIkzkpfpn9jb9,https://api.spotify.com/v1/tracks/0KAiuUOrLTIkzkpfpn9jb9,https://api.spotify.com/v1/audio-analysis/0KAiuUOrLTIkzkpfpn9jb9,195973,4
118,0.771,0.717,11,-5.611,0,0.0573,0.134,0.00282,0.102,0.963,130.014,audio_features,7sImc1IHpucOTKCUdIQkHW,spotify:track:7sImc1IHpucOTKCUdIQkHW,https://api.spotify.com/v1/tracks/7sImc1IHpucOTKCUdIQkHW,https://api.spotify.com/v1/audio-analysis/7sImc1IHpucOTKCUdIQkHW,164257,4
119,0.615,0.811,6,-4.316,1,0.144,0.0188,0.0,0.196,0.808,167.995,audio_features,5PEleSkK4p4E1sx3x7cOLt,spotify:track:5PEleSkK4p4E1sx3x7cOLt,https://api.spotify.com/v1/tracks/5PEleSkK4p4E1sx3x7cOLt,https://api.spotify.com/v1/audio-analysis/5PEleSkK4p4E1sx3x7cOLt,166560,4
120,0.421,0.873,10,-4.343,1,0.0564,0.0654,0.0,0.123,0.629,84.786,audio_features,7wMq5n8mYSKlQIGECKUgTX,spotify:track:7wMq5n8mYSKlQIGECKUgTX,https://api.spotify.com/v1/tracks/7wMq5n8mYSKlQIGECKUgTX,https://api.spotify.com/v1/audio-analysis/7wMq5n8mYSKlQIGECKUgTX,202533,4
121,0.645,0.891,6,-2.505,0,0.0387,0.0932,3.88e-06,0.379,0.568,124.915,audio_features,2rgtCOVK2tpfao2VjURn84,spotify:track:2rgtCOVK2tpfao2VjURn84,https://api.spotify.com/v1/tracks/2rgtCOVK2tpfao2VjURn84,https://api.spotify.com/v1/audio-analysis/2rgtCOVK2tpfao2VjURn84,203520,4
122,0.596,0.73,9,-4.091,1,0.151,0.24,0.0,0.325,0.525,85.979,audio_features,285HeuLxsngjFn4GGegGNm,spotify:track:285HeuLxsngjFn4GGegGNm,https://api.spotify.com/v1/tracks/285HeuLxsngjFn4GGegGNm,https://api.spotify.com/v1/audio-analysis/285HeuLxsngjFn4GGegGNm,192560,4
123,0.75,0.683,9,-4.829,0,0.12,0.0462,1.32e-06,0.297,0.539,111.066,audio_features,1dl3vuXJS9anUXE7XnNP75,spotify:track:1dl3vuXJS9anUXE7XnNP75,https://api.spotify.com/v1/tracks/1dl3vuXJS9anUXE7XnNP75,https://api.spotify.com/v1/audio-analysis/1dl3vuXJS9anUXE7XnNP75,200492,4
124,0.602,0.843,0,-4.831,1,0.0593,0.000688,5.27e-05,0.0682,0.526,128.003,audio_features,190jyVPHYjAqEaOGmMzdyk,spotify:track:190jyVPHYjAqEaOGmMzdyk,https://api.spotify.com/v1/tracks/190jyVPHYjAqEaOGmMzdyk,https://api.spotify.com/v1/audio-analysis/190jyVPHYjAqEaOGmMzdyk,227987,4
125,0.758,0.557,7,-4.568,1,0.034,0.0117,0.0,0.0418,0.781,126.986,audio_features,2fQxE0jVrjNMT9oJAXtSJR,spotify:track:2fQxE0jVrjNMT9oJAXtSJR,https://api.spotify.com/v1/tracks/2fQxE0jVrjNMT9oJAXtSJR,https://api.spotify.com/v1/audio-analysis/2fQxE0jVrjNMT9oJAXtSJR,231840,4
126,0.438,0.672,11,-4.706,0,0.0429,0.0055,0.0,0.0583,0.457,185.934,audio_features,7f9e0xIl1s4O1odwkD0fpu,spotify:track:7f9e0xIl1s4O1odwkD0fpu,https://api.spotify.com/v1/tracks/7f9e0xIl1s4O1odwkD0fpu,https://api.spotify.com/v1/audio-analysis/7f9e0xIl1s4O1odwkD0fpu,227320,4
127,0.682,0.795,8,-6.17,0,0.0367,0.0297,0.0391,0.131,0.78,120.008,audio_features,5aTsxlQlq0vIedDWZoqMWN,spotify:track:5aTsxlQlq0vIedDWZoqMWN,https://api.spotify.com/v1/tracks/5aTsxlQlq0vIedDWZoqMWN,https://api.spotify.com/v1/audio-analysis/5aTsxlQlq0vIedDWZoqMWN,210853,4
128,0.655,0.819,0,-4.852,1,0.0316,0.000176,0.00374,0.104,0.766,117.956,audio_features,6Z8R6UsFuGXGtiIxiD8ISb,spotify:track:6Z8R6UsFuGXGtiIxiD8ISb,https://api.spotify.com/v1/tracks/6Z8R6UsFuGXGtiIxiD8ISb,https://api.spotify.com/v1/audio-analysis/6Z8R6UsFuGXGtiIxiD8ISb,192790,5
129,0.664,0.705,1,-4.972,0,0.0382,0.0654,0.0,0.118,0.477,122.016,audio_features,2tpWsVSb9UEmDRxAl1zhX1,spotify:track:2tpWsVSb9UEmDRxAl1zhX1,https://api.spotify.com/v1/tracks/2tpWsVSb9UEmDRxAl1zhX1,https://api.spotify.com/v1/audio-analysis/2tpWsVSb9UEmDRxAl1zhX1,257267,4
130,0.562,0.939,0,-4.282,1,0.0475,0.046,0.0,0.112,0.684,116.044,audio_features,1nInOsHbtotAmEOQhtvnzP,spotify:track:1nInOsHbtotAmEOQhtvnzP,https://api.spotify.com/v1/tracks/1nInOsHbtotAmEOQhtvnzP,https://api.spotify.com/v1/audio-analysis/1nInOsHbtotAmEOQhtvnzP,221947,4
131,0.707,0.87,8,-3.617,0,0.0669,0.0593,0.0,0.205,0.809,125.956,audio_features,4icNLSquKZp6e0iEkBn9RP,spotify:track:4icNLSquKZp6e0iEkBn9RP,https://api.spotify.com/v1/tracks/4icNLSquKZp6e0iEkBn9RP,https://api.spotify.com/v1/audio-analysis/4icNLSquKZp6e0iEkBn9RP,229933,4
132,0.602,0.752,8,-4.48,1,0.064,0.00969,0.0,0.158,0.562,86.011,audio_features,0nOFRbiftNe7TTPtpobeXt,spotify:track:0nOFRbiftNe7TTPtpobeXt,https://api.spotify.com/v1/tracks/0nOFRbiftNe7TTPtpobeXt,https://api.spotify.com/v1/audio-analysis/0nOFRbiftNe7TTPtpobeXt,189773,4
133,0.691,0.741,5,-3.033,0,0.252,0.703,1.11e-05,0.109,0.512,82.525,audio_features,14B2bUopOga5V3ypld7d6n,spotify:track:14B2bUopOga5V3ypld7d6n,https://api.spotify.com/v1/tracks/14B2bUopOga5V3ypld7d6n,https://api.spotify.com/v1/audio-analysis/14B2bUopOga5V3ypld7d6n,243493,4
134,0.543,0.642,4,-6.533,1,0.0888,0.137,0.0,0.243,0.749,117.923,audio_features,1peT7rhuRsVvJVSSd0iXXp,spotify:track:1peT7rhuRsVvJVSSd0iXXp,https://api.spotify.com/v1/tracks/1peT7rhuRsVvJVSSd0iXXp,https://api.spotify.com/v1/audio-analysis/1peT7rhuRsVvJVSSd0iXXp,241667,4
135,0.697,0.467,9,-7.536,1,0.0715,0.248,0.0,0.0941,0.572,82.082,audio_features,3goSVuTt3fDYDP6kRnFwuL,spotify:track:3goSVuTt3fDYDP6kRnFwuL,https://api.spotify.com/v1/tracks/3goSVuTt3fDYDP6kRnFwuL,https://api.spotify.com/v1/audio-analysis/3goSVuTt3fDYDP6kRnFwuL,229413,4
136,0.637,0.73,5,-5.38,0,0.0874,0.323,0.0,0.0981,0.732,93.867,audio_features,7iu0WYLdo4yksKf3seaxzI,spotify:track:7iu0WYLdo4yksKf3seaxzI,https://api.spotify.com/v1/tracks/7iu0WYLdo4yksKf3seaxzI,https://api.spotify.com/v1/audio-analysis/7iu0WYLdo4yksKf3seaxzI,218947,4
137,0.72,0.672,7,-6.852,1,0.0551,0.009,0.0,0.232,0.705,124.986,audio_features,3GpbwCm3YxiWDvy29Uo3vP,spotify:track:3GpbwCm3YxiWDvy29Uo3vP,https://api.spotify.com/v1/tracks/3GpbwCm3YxiWDvy29Uo3vP,https://api.spotify.com/v1/audio-analysis/3GpbwCm3YxiWDvy29Uo3vP,204640,4
138,0.435,0.837,3,-8.126,1,0.449,0.00676,0.0,0.117,0.778,124.913,audio_features,5AyL2kgLtTWEu3qO3B9SqK,spotify:track:5AyL2kgLtTWEu3qO3B9SqK,https://api.spotify.com/v1/tracks/5AyL2kgLtTWEu3qO3B9SqK,https://api.spotify.com/v1/audio-analysis/5AyL2kgLtTWEu3qO3B9SqK,216893,4
139,0.813,0.627,11,-5.018,0,0.0486,0.0771,0.000616,0.131,0.801,130.011,audio_features,127uq83uGFapbddqiMUKky,spotify:track:127uq83uGFapbddqiMUKky,https://api.spotify.com/v1/tracks/127uq83uGFapbddqiMUKky,https://api.spotify.com/v1/audio-analysis/127uq83uGFapbddqiMUKky,195853,4
140,0.498,0.862,7,-6.02,0,0.0589,0.000313,0.00941,0.352,0.47,128.034,audio_features,3aQz0z86zrKjd1mcZlonxE,spotify:track:3aQz0z86zrKjd1mcZlonxE,https://api.spotify.com/v1/tracks/3aQz0z86zrKjd1mcZlonxE,https://api.spotify.com/v1/audio-analysis/3aQz0z86zrKjd1mcZlonxE,192294,4
141,0.635,0.691,0,-4.862,1,0.258,0.555,0.0,0.097,0.638,82.142,audio_features,154Z2G9kyrSZgmXmJwiytO,spotify:track:154Z2G9kyrSZgmXmJwiytO,https://api.spotify.com/v1/tracks/154Z2G9kyrSZgmXmJwiytO,https://api.spotify.com/v1/audio-analysis/154Z2G9kyrSZgmXmJwiytO,217419,4
142,0.751,0.736,5,-4.168,0,0.156,0.0206,0.0,0.265,0.352,130.014,audio_features,1ve0SgTZkv3wdggJLqtBYU,spotify:track:1ve0SgTZkv3wdggJLqtBYU,https://api.spotify.com/v1/tracks/1ve0SgTZkv3wdggJLqtBYU,https://api.spotify.com/v1/audio-analysis/1ve0SgTZkv3wdggJLqtBYU,262147,4
143,0.789,0.706,11,-4.233,0,0.0429,0.112,1.71e-05,0.0586,0.638,125.911,audio_features,2ENexcMEMsYk0rVJigVD3i,spotify:track:2ENexcMEMsYk0rVJigVD3i,https://api.spotify.com/v1/tracks/2ENexcMEMsYk0rVJigVD3i,https://api.spotify.com/v1/audio-analysis/2ENexcMEMsYk0rVJigVD3i,235493,4
144,0.727,0.68,2,-4.498,1,0.0286,0.0101,0.0,0.0821,0.728,132.012,audio_features,6cmm1LMvZdB5zsCwX5BjqE,spotify:track:6cmm1LMvZdB5zsCwX5BjqE,https://api.spotify.com/v1/tracks/6cmm1LMvZdB5zsCwX5BjqE,https://api.spotify.com/v1/audio-analysis/6cmm1LMvZdB5zsCwX5BjqE,212507,4
145,0.76,0.696,0,-5.811,1,0.0491,0.0195,0.0,0.278,0.903,127.029,audio_features,360ZhWvMnyXKYFG9Mqsm89,spotify:track:360ZhWvMnyXKYFG9Mqsm89,https://api.spotify.com/v1/tracks/360ZhWvMnyXKYFG9Mqsm89,https://api.spotify.com/v1/audio-analysis/360ZhWvMnyXKYFG9Mqsm89,205884,4
146,0.721,0.802,1,-5.797,1,0.0583,0.0921,0.0,0.694,0.724,124.022,audio_features,2bJvI42r8EF3wxjOuDav4r,spotify:track:2bJvI42r8EF3wxjOuDav4r,https://api.spotify.com/v1/tracks/2bJvI42r8EF3wxjOuDav4r,https://api.spotify.com/v1/audio-analysis/2bJvI42r8EF3wxjOuDav4r,229360,4
147,0.648,0.836,8,-3.394,1,0.0316,0.0625,0.00995,0.202,0.705,126.889,audio_features,2jATUzETZL49e6SywauZKE,spotify:track:2jATUzETZL49e6SywauZKE,https://api.spotify.com/v1/tracks/2jATUzETZL49e6SywauZKE,https://api.spotify.com/v1/audio-analysis/2jATUzETZL49e6SywauZKE,183560,4
148,0.627,0.954,2,-4.804,1,0.0425,0.0015,0.000814,0.292,0.312,128.016,audio_features,5TmFTHZp7HjBXjjsFvCY6h,spotify:track:5TmFTHZp7HjBXjjsFvCY6h,https://api.spotify.com/v1/tracks/5TmFTHZp7HjBXjjsFvCY6h,https://api.spotify.com/v1/audio-analysis/5TmFTHZp7HjBXjjsFvCY6h,223112,4
149,0.793,0.698,11,-3.626,1,0.104,0.163,0.145,0.0745,0.339,130.017,audio_features,1n7omixiROWs5q6xpWiQuL,spotify:track:1n7omixiROWs5q6xpWiQuL,https://api.spotify.com/v1/tracks/1n7omixiROWs5q6xpWiQuL,https://api.spotify.com/v1/audio-analysis/1n7omixiROWs5q6xpWiQuL,285571,4
150,0.801,0.985,7,-2.69,1,0.0647,0.0205,6.86e-06,0.297,0.72,127.99,audio_features,3bu6Gu2lzm9VEoab1za8BM,spotify:track:3bu6Gu2lzm9VEoab1za8BM,https://api.spotify.com/v1/tracks/3bu6Gu2lzm9VEoab1za8BM,https://api.spotify.com/v1/audio-analysis/3bu6Gu2lzm9VEoab1za8BM,166933,4
151,0.762,0.754,0,-3.425,0,0.046,0.00022,0.0665,0.146,0.715,129.026,audio_features,4LjfIjS8iweFCPdKxLnEoV,spotify:track:4LjfIjS8iweFCPdKxLnEoV,https://api.spotify.com/v1/tracks/4LjfIjS8iweFCPdKxLnEoV,https://api.spotify.com/v1/audio-analysis/4LjfIjS8iweFCPdKxLnEoV,151983,4
152,0.621,0.82,10,-4.865,1,0.0367,0.332,0.0,0.104,0.452,144.905,audio_features,6SKwQghsR8AISlxhcwyA9R,spotify:track:6SKwQghsR8AISlxhcwyA9R,https://api.spotify.com/v1/tracks/6SKwQghsR8AISlxhcwyA9R,https://api.spotify.com/v1/audio-analysis/6SKwQghsR8AISlxhcwyA9R,230192,4
153,0.613,0.622,1,-5.794,0,0.0334,0.00882,0.0,0.37,0.484,80.003,audio_features,2y4lAQpi5VTNLu2ldeTdUH,spotify:track:2y4lAQpi5VTNLu2ldeTdUH,https://api.spotify.com/v1/tracks/2y4lAQpi5VTNLu2ldeTdUH,https://api.spotify.com/v1/audio-analysis/2y4lAQpi5VTNLu2ldeTdUH,231240,4
154,0.328,0.622,5,-7.291,0,0.0866,0.858,0.0,0.104,0.401,74.267,audio_features,5hUYsaOyMY32yjRXeuQwGj,spotify:track:5hUYsaOyMY32yjRXeuQwGj,https://api.spotify.com/v1/tracks/5hUYsaOyMY32yjRXeuQwGj,https://api.spotify.com/v1/audio-analysis/5hUYsaOyMY32yjRXeuQwGj,228093,4
155,0.778,0.498,5,-6.846,0,0.0562,0.256,0.0,0.295,0.464,96.995,audio_features,6lbhWl34Il0WXm5pX1fM9E,spotify:track:6lbhWl34Il0WXm5pX1fM9E,https://api.spotify.com/v1/tracks/6lbhWl34Il0WXm5pX1fM9E,https://api.spotify.com/v1/audio-analysis/6lbhWl34Il0WXm5pX1fM9E,231093,4
156,0.787,0.864,2,-4.927,0,0.0381,0.0536,0.00017,0.173,0.38,133.02,audio_features,6oQqc5SvsCBQb1SV98vV2H,spotify:track:6oQqc5SvsCBQb1SV98vV2H,https://api.spotify.com/v1/tracks/6oQqc5SvsCBQb1SV98vV2H,https://api.spotify.com/v1/audio-analysis/6oQqc5SvsCBQb1SV98vV2H,178308,4
157,0.634,0.69,6,-7.804,1,0.052,0.0771,0.0,0.132,0.645,94.988,audio_features,6OtCIsQZ64Vs1EbzztvAv4,spotify:track:6OtCIsQZ64Vs1EbzztvAv4,https://api.spotify.com/v1/tracks/6OtCIsQZ64Vs1EbzztvAv4,https://api.spotify.com/v1/audio-analysis/6OtCIsQZ64Vs1EbzztvAv4,253307,4
158,0.878,0.736,1,-6.677,1,0.0979,0.00584,0.108,0.0992,0.7,119.995,audio_features,3I5VJWpEQDzX3D9yAYEeVi,spotify:track:3I5VJWpEQDzX3D9yAYEeVi,https://api.spotify.com/v1/tracks/3I5VJWpEQDzX3D9yAYEeVi,https://api.spotify.com/v1/audio-analysis/3I5VJWpEQDzX3D9yAYEeVi,209440,4
159,0.524,0.904,8,-2.071,1,0.398,0.0533,0.0,0.776,0.655,161.188,audio_features,7qtAgn9mwxygsPOsUDVRRt,spotify:track:7qtAgn9mwxygsPOsUDVRRt,https://api.spotify.com/v1/tracks/7qtAgn9mwxygsPOsUDVRRt,https://api.spotify.com/v1/audio-analysis/7qtAgn9mwxygsPOsUDVRRt,254040,4
160,0.44,0.802,5,-3.838,1,0.244,0.123,0.0,0.1,0.586,179.868,audio_features,2CzNAvr2nZKYxthPVMvdVe,spotify:track:2CzNAvr2nZKYxthPVMvdVe,https://api.spotify.com/v1/tracks/2CzNAvr2nZKYxthPVMvdVe,https://api.spotify.com/v1/audio-analysis/2CzNAvr2nZKYxthPVMvdVe,217446,4
161,0.805,0.871,7,-3.684,1,0.0761,0.0051,0.0,0.149,0.613,127.964,audio_features,4e5IMo6PsFM3685ZY0wvEQ,spotify:track:4e5IMo6PsFM3685ZY0wvEQ,https://api.spotify.com/v1/tracks/4e5IMo6PsFM3685ZY0wvEQ,https://api.spotify.com/v1/audio-analysis/4e5IMo6PsFM3685ZY0wvEQ,190573,4
162,0.663,0.857,2,-2.16,1,0.0544,0.0542,0.0,0.144,0.931,126.039,audio_features,6Vh03bkEfXqekWp7Y1UBRb,spotify:track:6Vh03bkEfXqekWp7Y1UBRb,https://api.spotify.com/v1/tracks/6Vh03bkEfXqekWp7Y1UBRb,https://api.spotify.com/v1/audio-analysis/6Vh03bkEfXqekWp7Y1UBRb,200213,4
163,0.757,0.678,8,-5.529,0,0.233,0.0472,9.14e-06,0.0654,0.82,120.075,audio_features,2hgzdQdnfWwtdpZbhZlV72,spotify:track:2hgzdQdnfWwtdpZbhZlV72,https://api.spotify.com/v1/tracks/2hgzdQdnfWwtdpZbhZlV72,https://api.spotify.com/v1/audio-analysis/2hgzdQdnfWwtdpZbhZlV72,218235,4
164,0.636,0.815,5,-5.098,0,0.0581,0.0185,0.0,0.163,0.636,123.063,audio_features,5tf1VVWniHgryyumXyJM7w,spotify:track:5tf1VVWniHgryyumXyJM7w,https://api.spotify.com/v1/tracks/5tf1VVWniHgryyumXyJM7w,https://api.spotify.com/v1/audio-analysis/5tf1VVWniHgryyumXyJM7w,219043,4
165,0.7,0.598,2,-7.783,1,0.114,0.0369,0.0,0.111,0.594,160.041,audio_features,0x3TibRgnSqzkcwrqBd4iX,spotify:track:0x3TibRgnSqzkcwrqBd4iX,https://api.spotify.com/v1/tracks/0x3TibRgnSqzkcwrqBd4iX,https://api.spotify.com/v1/audio-analysis/0x3TibRgnSqzkcwrqBd4iX,228453,4
166,0.663,0.861,7,-3.398,0,0.109,0.0338,0.0,0.082,0.654,119.963,audio_features,4356Typ82hUiFAynbLYbPn,spotify:track:4356Typ82hUiFAynbLYbPn,https://api.spotify.com/v1/tracks/4356Typ82hUiFAynbLYbPn,https://api.spotify.com/v1/audio-analysis/4356Typ82hUiFAynbLYbPn,220800,4
167,0.589,0.966,11,-4.106,1,0.0972,0.03,0.0,0.147,0.802,129.983,audio_features,3tgZ9vmhuAY9wEoNUJskzV,spotify:track:3tgZ9vmhuAY9wEoNUJskzV,https://api.spotify.com/v1/tracks/3tgZ9vmhuAY9wEoNUJskzV,https://api.spotify.com/v1/audio-analysis/3tgZ9vmhuAY9wEoNUJskzV,204200,4
168,0.783,0.58,7,-6.548,1,0.0408,0.0114,2.28e-06,0.108,0.66,120.021,audio_features,20I6sIOMTCkB6w7ryavxtO,spotify:track:20I6sIOMTCkB6w7ryavxtO,https://api.spotify.com/v1/tracks/20I6sIOMTCkB6w7ryavxtO,https://api.spotify.com/v1/audio-analysis/20I6sIOMTCkB6w7ryavxtO,193400,4
169,0.722,0.851,7,-3.873,0,0.0639,0.0319,0.0,0.108,0.452,126.885,audio_features,5yDL13y5giogKs2fSNf7sj,spotify:track:5yDL13y5giogKs2fSNf7sj,https://api.spotify.com/v1/tracks/5yDL13y5giogKs2fSNf7sj,https://api.spotify.com/v1/audio-analysis/5yDL13y5giogKs2fSNf7sj,197936,4
170,0.466,0.747,4,-4.838,0,0.0795,0.417,9.76e-06,0.107,0.43,92.161,audio_features,7pqgMEKsDMOHUdFQ7n0N9K,spotify:track:7pqgMEKsDMOHUdFQ7n0N9K,https://api.spotify.com/v1/tracks/7pqgMEKsDMOHUdFQ7n0N9K,https://api.spotify.com/v1/audio-analysis/7pqgMEKsDMOHUdFQ7n0N9K,203641,4
171,0.822,0.863,1,-2.441,1,0.0471,0.00887,1.29e-06,0.122,0.174,128.017,audio_features,7cWNahjynBEP4wuXXhU0m6,spotify:track:7cWNahjynBEP4wuXXhU0m6,https://api.spotify.com/v1/tracks/7cWNahjynBEP4wuXXhU0m6,https://api.spotify.com/v1/audio-analysis/7cWNahjynBEP4wuXXhU0m6,218000,4
172,0.825,0.808,2,-5.855,1,0.033,0.0067,0.232,0.0745,0.5,130.007,audio_features,1SREKaweC6g43wVjDk3Q5h,spotify:track:1SREKaweC6g43wVjDk3Q5h,https://api.spotify.com/v1/tracks/1SREKaweC6g43wVjDk3Q5h,https://api.spotify.com/v1/audio-analysis/1SREKaweC6g43wVjDk3Q5h,342120,4
173,0.622,0.711,7,-6.618,1,0.0542,0.0457,0.0,0.174,0.679,79.932,audio_features,4CHLYbx8NB1LUn5WqT0SzV,spotify:track:4CHLYbx8NB1LUn5WqT0SzV,https://api.spotify.com/v1/tracks/4CHLYbx8NB1LUn5WqT0SzV,https://api.spotify.com/v1/audio-analysis/4CHLYbx8NB1LUn5WqT0SzV,195987,4
174,0.622,0.469,3,-6.798,0,0.0363,0.00454,2.25e-06,0.0335,0.679,77.019,audio_features,6FB3v4YcR57y4tXFcdxI1E,spotify:track:6FB3v4YcR57y4tXFcdxI1E,https://api.spotify.com/v1/tracks/6FB3v4YcR57y4tXFcdxI1E,https://api.spotify.com/v1/audio-analysis/6FB3v4YcR57y4tXFcdxI1E,219720,4
175,0.697,0.835,6,-5.843,1,0.0912,0.00578,0.0,0.314,0.832,128.018,audio_features,6Uj8ru7TNLDIelbuQ8eBd6,spotify:track:6Uj8ru7TNLDIelbuQ8eBd6,https://api.spotify.com/v1/tracks/6Uj8ru7TNLDIelbuQ8eBd6,https://api.spotify.com/v1/audio-analysis/6Uj8ru7TNLDIelbuQ8eBd6,201387,4
176,0.706,0.89,1,-4.444,0,0.0688,0.0588,0.00286,0.306,0.684,128.011,audio_features,2LEF1A8DOZ9wRYikWgVlZ8,spotify:track:2LEF1A8DOZ9wRYikWgVlZ8,https://api.spotify.com/v1/tracks/2LEF1A8DOZ9wRYikWgVlZ8,https://api.spotify.com/v1/audio-analysis/2LEF1A8DOZ9wRYikWgVlZ8,248133,4
177,0.672,0.887,2,-6.251,1,0.0288,0.0218,0.00294,0.119,0.943,128.015,audio_features,4XyVSfSib4a2pGvY4qS3Av,spotify:track:4XyVSfSib4a2pGvY4qS3Av,https://api.spotify.com/v1/tracks/4XyVSfSib4a2pGvY4qS3Av,https://api.spotify.com/v1/audio-analysis/4XyVSfSib4a2pGvY4qS3Av,207683,4
178,0.798,0.629,11,-6.857,0,0.0735,0.00474,2.17e-05,0.324,0.4,130.0,audio_features,3F9ByoUqu31xU0I3G5xfVg,spotify:track:3F9ByoUqu31xU0I3G5xfVg,https://api.spotify.com/v1/tracks/3F9ByoUqu31xU0I3G5xfVg,https://api.spotify.com/v1/audio-analysis/3F9ByoUqu31xU0I3G5xfVg,284373,4
179,0.762,0.692,5,-3.973,0,0.0438,0.113,0.0,0.094,0.397,114.906,audio_features,02XnQdf7sipaKBBHixz3Zp,spotify:track:02XnQdf7sipaKBBHixz3Zp,https://api.spotify.com/v1/tracks/02XnQdf7sipaKBBHixz3Zp,https://api.spotify.com/v1/audio-analysis/02XnQdf7sipaKBBHixz3Zp,208307,4
180,0.792,0.856,11,-5.236,0,0.067,0.0159,2.88e-06,0.0981,0.714,127.988,audio_features,2xnoPV3NLescauc0ZJ1MDZ,spotify:track:2xnoPV3NLescauc0ZJ1MDZ,https://api.spotify.com/v1/tracks/2xnoPV3NLescauc0ZJ1MDZ,https://api.spotify.com/v1/audio-analysis/2xnoPV3NLescauc0ZJ1MDZ,237267,4
181,0.657,0.827,5,-4.036,1,0.0734,0.000704,0.00534,0.065,0.69,145.889,audio_features,760klboT1E03jUt7CiVhbV,spotify:track:760klboT1E03jUt7CiVhbV,https://api.spotify.com/v1/tracks/760klboT1E03jUt7CiVhbV,https://api.spotify.com/v1/audio-analysis/760klboT1E03jUt7CiVhbV,190186,4
182,0.592,0.747,8,-4.439,0,0.138,0.0176,0.0,0.0752,0.698,83.929,audio_features,76sWab9iC3vvk21aln8G8t,spotify:track:76sWab9iC3vvk21aln8G8t,https://api.spotify.com/v1/tracks/76sWab9iC3vvk21aln8G8t,https://api.spotify.com/v1/audio-analysis/76sWab9iC3vvk21aln8G8t,200133,4
183,0.645,0.585,6,-6.122,1,0.0513,0.00314,0.0,0.165,0.353,131.931,audio_features,5jrdCoLpJSvHHorevXBATy,spotify:track:5jrdCoLpJSvHHorevXBATy,https://api.spotify.com/v1/tracks/5jrdCoLpJSvHHorevXBATy,https://api.spotify.com/v1/audio-analysis/5jrdCoLpJSvHHorevXBATy,215672,4
184,0.775,0.68,0,-5.508,0,0.0629,0.00906,0.0,0.109,0.656,114.025,audio_features,7oGZAicScQt96OAW4AruYy,spotify:track:7oGZAicScQt96OAW4AruYy,https://api.spotify.com/v1/tracks/7oGZAicScQt96OAW4AruYy,https://api.spotify.com/v1/audio-analysis/7oGZAicScQt96OAW4AruYy,207719,4
185,0.416,0.84,0,-4.298,1,0.0787,0.0139,0.0,0.113,0.523,177.942,audio_features,2X42KFgnOSaxOHMG0nDOdj,spotify:track:2X42KFgnOSaxOHMG0nDOdj,https://api.spotify.com/v1/tracks/2X42KFgnOSaxOHMG0nDOdj,https://api.spotify.com/v1/audio-analysis/2X42KFgnOSaxOHMG0nDOdj,242173,4
186,0.695,0.869,8,-5.066,1,0.0483,0.41,0.0,0.237,0.58,124.989,audio_features,05SBRd4fXgn8FX7bf8BCAE,spotify:track:05SBRd4fXgn8FX7bf8BCAE,https://api.spotify.com/v1/tracks/05SBRd4fXgn8FX7bf8BCAE,https://api.spotify.com/v1/audio-analysis/05SBRd4fXgn8FX7bf8BCAE,234507,4
187,0.621,0.922,11,-3.464,0,0.04,0.0497,0.0,0.34,0.88,128.058,audio_features,1JsvSob2AB4pYMb0tn3cdi,spotify:track:1JsvSob2AB4pYMb0tn3cdi,https://api.spotify.com/v1/tracks/1JsvSob2AB4pYMb0tn3cdi,https://api.spotify.com/v1/audio-analysis/1JsvSob2AB4pYMb0tn3cdi,200626,4
188,0.879,0.665,11,-6.082,0,0.145,0.164,0.0,0.319,0.672,123.977,audio_features,4DJORZgsbqnEJ4f4B9TBGV,spotify:track:4DJORZgsbqnEJ4f4B9TBGV,https://api.spotify.com/v1/tracks/4DJORZgsbqnEJ4f4B9TBGV,https://api.spotify.com/v1/audio-analysis/4DJORZgsbqnEJ4f4B9TBGV,212573,4
189,0.794,0.832,1,-4.862,0,0.0407,0.237,1.14e-05,0.203,0.871,107.657,audio_features,2lnzGkdtDj5mtlcOW2yRtG,spotify:track:2lnzGkdtDj5mtlcOW2yRtG,https://api.spotify.com/v1/tracks/2lnzGkdtDj5mtlcOW2yRtG,https://api.spotify.com/v1/audio-analysis/2lnzGkdtDj5mtlcOW2yRtG,196160,4
190,0.671,0.826,7,-5.766,0,0.309,0.00718,0.0,0.631,0.774,123.986,audio_features,4PdJSsESm34djLfBde9Pr2,spotify:track:4PdJSsESm34djLfBde9Pr2,https://api.spotify.com/v1/tracks/4PdJSsESm34djLfBde9Pr2,https://api.spotify.com/v1/audio-analysis/4PdJSsESm34djLfBde9Pr2,197648,4
191,0.528,0.886,11,-6.249,0,0.0329,0.0159,0.0,0.0758,0.8,96.001,audio_features,7FFl1IHSsPWsfUCladsCl9,spotify:track:7FFl1IHSsPWsfUCladsCl9,https://api.spotify.com/v1/tracks/7FFl1IHSsPWsfUCladsCl9,https://api.spotify.com/v1/audio-analysis/7FFl1IHSsPWsfUCladsCl9,216333,4
192,0.856,0.609,0,-7.223,1,0.0824,0.00801,8.15e-05,0.0344,0.928,114.988,audio_features,32OlwWuMpZ6b0aN2RZOeMS,spotify:track:32OlwWuMpZ6b0aN2RZOeMS,https://api.spotify.com/v1/tracks/32OlwWuMpZ6b0aN2RZOeMS,https://api.spotify.com/v1/audio-analysis/32OlwWuMpZ6b0aN2RZOeMS,269667,4
193,0.612,0.28,0,-8.648,1,0.0434,0.932,0.0,0.088,0.387,72.795,audio_features,0nJW01T7XtvILxQgC5J7Wh,spotify:track:0nJW01T7XtvILxQgC5J7Wh,https://api.spotify.com/v1/tracks/0nJW01T7XtvILxQgC5J7Wh,https://api.spotify.com/v1/audio-analysis/0nJW01T7XtvILxQgC5J7Wh,213827,4
194,0.726,0.698,5,-4.165,1,0.0431,0.049,0.0,0.309,0.867,143.994,audio_features,3w3y8KPTfNeOKPiqUTakBh,spotify:track:3w3y8KPTfNeOKPiqUTakBh,https://api.spotify.com/v1/tracks/3w3y8KPTfNeOKPiqUTakBh,https://api.spotify.com/v1/audio-analysis/3w3y8KPTfNeOKPiqUTakBh,233478,4
195,0.818,0.803,1,-4.282,1,0.0797,0.034,0.0,0.153,0.632,106.97,audio_features,6b8Be6ljOzmkOmFslEb23P,spotify:track:6b8Be6ljOzmkOmFslEb23P,https://api.spotify.com/v1/tracks/6b8Be6ljOzmkOmFslEb23P,https://api.spotify.com/v1/audio-analysis/6b8Be6ljOzmkOmFslEb23P,225983,4
196,0.67,0.676,8,-4.725,1,0.037,0.0201,0.0,0.11,0.349,114.974,audio_features,7gd01LMH2gBcoDngSt8sq9,spotify:track:7gd01LMH2gBcoDngSt8sq9,https://api.spotify.com/v1/tracks/7gd01LMH2gBcoDngSt8sq9,https://api.spotify.com/v1/audio-analysis/7gd01LMH2gBcoDngSt8sq9,265813,4
197,0.787,0.837,1,-5.419,1,0.0556,0.0926,0.0,0.155,0.918,122.004,audio_features,39lS97papXAI72StGRtZBo,spotify:track:39lS97papXAI72StGRtZBo,https://api.spotify.com/v1/tracks/39lS97papXAI72StGRtZBo,https://api.spotify.com/v1/audio-analysis/39lS97papXAI72StGRtZBo,185629,4
198,0.843,0.881,9,-3.951,1,0.0581,0.14,0.0,0.0765,0.876,110.621,audio_features,1f8UCzB3RqIgNkW7QIiIeP,spotify:track:1f8UCzB3RqIgNkW7QIiIeP,https://api.spotify.com/v1/tracks/1f8UCzB3RqIgNkW7QIiIeP,https://api.spotify.com/v1/audio-analysis/1f8UCzB3RqIgNkW7QIiIeP,202267,4
199,0.762,0.863,0,-3.689,0,0.0561,0.015,0.0,0.125,0.965,106.012,audio_features,6s8nHXTJVqFjXE4yVZPDHR,spotify:track:6s8nHXTJVqFjXE4yVZPDHR,https://api.spotify.com/v1/tracks/6s8nHXTJVqFjXE4yVZPDHR,https://api.spotify.com/v1/audio-analysis/6s8nHXTJVqFjXE4yVZPDHR,185587,4
200,0.512,0.828,11,-4.672,0,0.0454,0.00627,8.73e-06,0.119,0.34,124.021,audio_features,0s0JMUkb2WCxIJsRB3G7Hd,spotify:track:0s0JMUkb2WCxIJsRB3G7Hd,https://api.spotify.com/v1/tracks/0s0JMUkb2WCxIJsRB3G7Hd,https://api.spotify.com/v1/audio-analysis/0s0JMUkb2WCxIJsRB3G7Hd,206373,4
201,0.707,0.861,7,-4.225,1,0.316,0.1,0.0,0.191,0.795,130.021,audio_features,2EZ2KXLqs9zdRVVMMz1IsH,spotify:track:2EZ2KXLqs9zdRVVMMz1IsH,https://api.spotify.com/v1/tracks/2EZ2KXLqs9zdRVVMMz1IsH,https://api.spotify.com/v1/audio-analysis/2EZ2KXLqs9zdRVVMMz1IsH,199480,4
202,0.825,0.856,1,-1.912,1,0.0476,0.00851,1.4e-06,0.127,0.207,128.016,audio_features,1V4jC0vJ5525lEF1bFgPX2,spotify:track:1V4jC0vJ5525lEF1bFgPX2,https://api.spotify.com/v1/tracks/1V4jC0vJ5525lEF1bFgPX2,https://api.spotify.com/v1/audio-analysis/1V4jC0vJ5525lEF1bFgPX2,222133,4
203,0.6,0.877,5,-4.351,1,0.165,0.00213,0.0,0.413,0.55,133.998,audio_features,2CJlJKDRC3QXz070NHwaQQ,spotify:track:2CJlJKDRC3QXz070NHwaQQ,https://api.spotify.com/v1/tracks/2CJlJKDRC3QXz070NHwaQQ,https://api.spotify.com/v1/audio-analysis/2CJlJKDRC3QXz070NHwaQQ,203973,4
204,0.715,0.8,4,-5.144,0,0.057,0.0271,0.0,0.0648,0.445,129.023,audio_features,1XyL3J7eTTKnxRZAM3LqIT,spotify:track:1XyL3J7eTTKnxRZAM3LqIT,https://api.spotify.com/v1/tracks/1XyL3J7eTTKnxRZAM3LqIT,https://api.spotify.com/v1/audio-analysis/1XyL3J7eTTKnxRZAM3LqIT,216147,4
205,0.722,0.761,11,-4.459,0,0.0475,0.0117,0.0,0.315,0.624,128.044,audio_features,7pYfyrMNPn3wtoCyqcTVoI,spotify:track:7pYfyrMNPn3wtoCyqcTVoI,https://api.spotify.com/v1/tracks/7pYfyrMNPn3wtoCyqcTVoI,https://api.spotify.com/v1/audio-analysis/7pYfyrMNPn3wtoCyqcTVoI,201493,4
206,0.816,0.813,6,-7.798,0,0.0664,0.0662,2.77e-06,0.602,0.436,127.979,audio_features,7vWFaMq63AwkFDhS2OAg5u,spotify:track:7vWFaMq63AwkFDhS2OAg5u,https://api.spotify.com/v1/tracks/7vWFaMq63AwkFDhS2OAg5u,https://api.spotify.com/v1/audio-analysis/7vWFaMq63AwkFDhS2OAg5u,307640,4
207,0.758,0.686,11,-6.346,1,0.0792,0.0848,0.00127,0.142,0.444,130.007,audio_features,0Oe49j06Bjrxs8PltuVeaW,spotify:track:0Oe49j06Bjrxs8PltuVeaW,https://api.spotify.com/v1/tracks/0Oe49j06Bjrxs8PltuVeaW,https://api.spotify.com/v1/audio-analysis/0Oe49j06Bjrxs8PltuVeaW,230907,4
208,0.605,0.793,7,-3.084,0,0.297,0.0825,0.0,0.124,0.647,184.032,audio_features,68Cttjj02Slyyqw79XVLBN,spotify:track:68Cttjj02Slyyqw79XVLBN,https://api.spotify.com/v1/tracks/68Cttjj02Slyyqw79XVLBN,https://api.spotify.com/v1/audio-analysis/68Cttjj02Slyyqw79XVLBN,196640,4
209,0.951,0.6,0,-4.675,0,0.0685,0.106,0.0,0.0712,0.822,125.04,audio_features,0k2GOhqsrxDTAbFFSdNJjT,spotify:track:0k2GOhqsrxDTAbFFSdNJjT,https://api.spotify.com/v1/tracks/0k2GOhqsrxDTAbFFSdNJjT,https://api.spotify.com/v1/audio-analysis/0k2GOhqsrxDTAbFFSdNJjT,218573,4
210,0.659,0.628,0,-8.685,0,0.179,0.186,0.0,0.105,0.262,94.05,audio_features,3JA9Jsuxr4xgHXEawAdCp4,spotify:track:3JA9Jsuxr4xgHXEawAdCp4,https://api.spotify.com/v1/tracks/3JA9Jsuxr4xgHXEawAdCp4,https://api.spotify.com/v1/audio-analysis/3JA9Jsuxr4xgHXEawAdCp4,219427,4
211,0.641,0.922,2,-4.457,1,0.0786,0.0291,0.0,0.0862,0.847,146.078,audio_features,3bidbhpOYeV4knp8AIu8Xn,spotify:track:3bidbhpOYeV4knp8AIu8Xn,https://api.spotify.com/v1/tracks/3bidbhpOYeV4knp8AIu8Xn,https://api.spotify.com/v1/audio-analysis/3bidbhpOYeV4knp8AIu8Xn,258343,4
212,0.741,0.824,10,-4.143,0,0.0352,0.614,0.0,0.158,0.725,100.216,audio_features,6bK9BH9Ts8Gj5JFvnQkzak,spotify:track:6bK9BH9Ts8Gj5JFvnQkzak,https://api.spotify.com/v1/tracks/6bK9BH9Ts8Gj5JFvnQkzak,https://api.spotify.com/v1/audio-analysis/6bK9BH9Ts8Gj5JFvnQkzak,211666,4
213,0.729,0.911,0,-4.5,1,0.045,0.00205,1.39e-06,0.295,0.74,127.087,audio_features,0xh2kZQ3rDB47IS8aVNqrf,spotify:track:0xh2kZQ3rDB47IS8aVNqrf,https://api.spotify.com/v1/tracks/0xh2kZQ3rDB47IS8aVNqrf,https://api.spotify.com/v1/audio-analysis/0xh2kZQ3rDB47IS8aVNqrf,207760,4
214,0.719,0.616,1,-3.951,1,0.0395,0.00683,3.11e-05,0.0742,0.625,124.963,audio_features,7z73ehYAn9O1XP9XlCqVtd,spotify:track:7z73ehYAn9O1XP9XlCqVtd,https://api.spotify.com/v1/tracks/7z73ehYAn9O1XP9XlCqVtd,https://api.spotify.com/v1/audio-analysis/7z73ehYAn9O1XP9XlCqVtd,200880,4
215,0.652,0.698,10,-4.667,0,0.042,0.00112,0.000115,0.0886,0.47,96.021,audio_features,3E7dfMvvCLUddWissuqMwr,spotify:track:3E7dfMvvCLUddWissuqMwr,https://api.spotify.com/v1/tracks/3E7dfMvvCLUddWissuqMwr,https://api.spotify.com/v1/audio-analysis/3E7dfMvvCLUddWissuqMwr,202067,4
216,0.899,0.713,6,-2.752,0,0.366,0.255,0.0,0.0708,0.777,90.051,audio_features,7iL6o9tox1zgHpKUfh9vuC,spotify:track:7iL6o9tox1zgHpKUfh9vuC,https://api.spotify.com/v1/tracks/7iL6o9tox1zgHpKUfh9vuC,https://api.spotify.com/v1/audio-analysis/7iL6o9tox1zgHpKUfh9vuC,193467,4
217,0.535,0.796,0,-3.446,0,0.0445,0.00473,0.0,0.145,0.282,128.954,audio_features,7IohFKIwrb75c4XaqX7WWo,spotify:track:7IohFKIwrb75c4XaqX7WWo,https://api.spotify.com/v1/tracks/7IohFKIwrb75c4XaqX7WWo,https://api.spotify.com/v1/audio-analysis/7IohFKIwrb75c4XaqX7WWo,279027,4
218,0.743,0.841,0,-5.189,1,0.0391,0.0156,0.0,0.133,0.814,100.003,audio_features,5hGSM1NIumwLgI0Y97X9xB,spotify:track:5hGSM1NIumwLgI0Y97X9xB,https://api.spotify.com/v1/tracks/5hGSM1NIumwLgI0Y97X9xB,https://api.spotify.com/v1/audio-analysis/5hGSM1NIumwLgI0Y97X9xB,226800,4
219,0.829,0.428,0,-9.469,1,0.0831,0.056,0.00413,0.137,0.45,148.075,audio_features,5jnxxpX2834SB6LJ0S73Uz,spotify:track:5jnxxpX2834SB6LJ0S73Uz,https://api.spotify.com/v1/tracks/5jnxxpX2834SB6LJ0S73Uz,https://api.spotify.com/v1/audio-analysis/5jnxxpX2834SB6LJ0S73Uz,299333,4
220,0.715,0.853,2,-4.949,1,0.0333,0.0196,4.47e-06,0.432,0.751,128.008,audio_features,2W3tTDW6cyINSqEtt5ZTj4,spotify:track:2W3tTDW6cyINSqEtt5ZTj4,https://api.spotify.com/v1/tracks/2W3tTDW6cyINSqEtt5ZTj4,https://api.spotify.com/v1/audio-analysis/2W3tTDW6cyINSqEtt5ZTj4,496176,4
221,0.635,0.841,5,-5.379,1,0.0422,0.0134,0.0,0.0622,0.424,109.021,audio_features,47Slg6LuqLaX0VodpSCvPt,spotify:track:47Slg6LuqLaX0VodpSCvPt,https://api.spotify.com/v1/tracks/47Slg6LuqLaX0VodpSCvPt,https://api.spotify.com/v1/audio-analysis/47Slg6LuqLaX0VodpSCvPt,220734,4
222,0.865,0.691,3,-4.845,0,0.0501,0.0305,0.303,0.0964,0.456,124.972,audio_features,0CJ1quCQhVX9Ax2jYwwovA,spotify:track:0CJ1quCQhVX9Ax2jYwwovA,https://api.spotify.com/v1/tracks/0CJ1quCQhVX9Ax2jYwwovA,https://api.spotify.com/v1/audio-analysis/0CJ1quCQhVX9Ax2jYwwovA,269800,4
223,0.82,0.731,9,-6.02,1,0.159,0.0133,1.94e-05,0.131,0.793,127.076,audio_features,5RzFJd6W40SDTyZkX6xx45,spotify:track:5RzFJd6W40SDTyZkX6xx45,https://api.spotify.com/v1/tracks/5RzFJd6W40SDTyZkX6xx45,https://api.spotify.com/v1/audio-analysis/5RzFJd6W40SDTyZkX6xx45,237120,4
224,0.71,0.882,4,-2.932,0,0.0595,0.00777,0.00771,0.294,0.875,128.016,audio_features,4wkQmYpAaMe41Rc3sYZ7Vz,spotify:track:4wkQmYpAaMe41Rc3sYZ7Vz,https://api.spotify.com/v1/tracks/4wkQmYpAaMe41Rc3sYZ7Vz,https://api.spotify.com/v1/audio-analysis/4wkQmYpAaMe41Rc3sYZ7Vz,232800,4
225,0.617,0.717,10,-7.858,0,0.153,0.00564,0.0,0.408,0.49,103.992,audio_features,0j2T0R9dR9qdJYsB7ciXhf,spotify:track:0j2T0R9dR9qdJYsB7ciXhf,https://api.spotify.com/v1/tracks/0j2T0R9dR9qdJYsB7ciXhf,https://api.spotify.com/v1/audio-analysis/0j2T0R9dR9qdJYsB7ciXhf,311867,4
226,0.67,0.476,9,-6.253,0,0.0406,0.328,0.0,0.104,0.235,96.975,audio_features,5LIleJbUUgtvYnBW9wfY1W,spotify:track:5LIleJbUUgtvYnBW9wfY1W,https://api.spotify.com/v1/tracks/5LIleJbUUgtvYnBW9wfY1W,https://api.spotify.com/v1/audio-analysis/5LIleJbUUgtvYnBW9wfY1W,231907,4
227,0.797,0.608,6,-6.096,0,0.0584,0.00112,7.66e-05,0.0748,0.402,127.999,audio_features,01TuObJVd7owWchVRuQbQw,spotify:track:01TuObJVd7owWchVRuQbQw,https://api.spotify.com/v1/tracks/01TuObJVd7owWchVRuQbQw,https://api.spotify.com/v1/audio-analysis/01TuObJVd7owWchVRuQbQw,279507,4
228,0.546,0.916,8,-3.932,1,0.255,0.00144,4.34e-06,0.251,0.375,129.983,audio_features,5xYC48nOppVemY6U5GRGTb,spotify:track:5xYC48nOppVemY6U5GRGTb,https://api.spotify.com/v1/tracks/5xYC48nOppVemY6U5GRGTb,https://api.spotify.com/v1/audio-analysis/5xYC48nOppVemY6U5GRGTb,210853,4
229,0.572,0.778,1,-5.208,1,0.233,0.00638,0.0,0.0563,0.54,168.073,audio_features,0Oa9mHOnH14GZ4toWwkf4c,spotify:track:0Oa9mHOnH14GZ4toWwkf4c,https://api.spotify.com/v1/tracks/0Oa9mHOnH14GZ4toWwkf4c,https://api.spotify.com/v1/audio-analysis/0Oa9mHOnH14GZ4toWwkf4c,225520,4
230,0.704,0.859,5,-4.877,0,0.0996,0.0185,0.0,0.0215,0.926,105.115,audio_features,3Vo4wInECJQuz9BIBMOu8i,spotify:track:3Vo4wInECJQuz9BIBMOu8i,https://api.spotify.com/v1/tracks/3Vo4wInECJQuz9BIBMOu8i,https://api.spotify.com/v1/audio-analysis/3Vo4wInECJQuz9BIBMOu8i,217289,4
231,0.544,0.923,6,-5.594,1,0.219,0.0159,0.0,0.336,0.779,128.326,audio_features,2JQkq0krSQHMIiLURIum2j,spotify:track:2JQkq0krSQHMIiLURIum2j,https://api.spotify.com/v1/tracks/2JQkq0krSQHMIiLURIum2j,https://api.spotify.com/v1/audio-analysis/2JQkq0krSQHMIiLURIum2j,191007,4
232,0.657,0.604,8,-6.006,1,0.0296,0.0361,0.0,0.102,0.0779,118.042,audio_features,6q3zC9dDD4lUNk8nfUztXy,spotify:track:6q3zC9dDD4lUNk8nfUztXy,https://api.spotify.com/v1/tracks/6q3zC9dDD4lUNk8nfUztXy,https://api.spotify.com/v1/audio-analysis/6q3zC9dDD4lUNk8nfUztXy,184400,4
233,0.666,0.876,3,-3.078,1,0.0414,0.055,0.0,0.259,0.552,129.884,audio_features,7yO48FWUkqsrdxrwkGcnwl,spotify:track:7yO48FWUkqsrdxrwkGcnwl,https://api.spotify.com/v1/tracks/7yO48FWUkqsrdxrwkGcnwl,https://api.spotify.com/v1/audio-analysis/7yO48FWUkqsrdxrwkGcnwl,194840,4
234,0.668,0.829,11,-2.748,0,0.0334,0.00572,0.0,0.358,0.648,127.0,audio_features,6KBD2g9nzhDlPdW7cbAEix,spotify:track:6KBD2g9nzhDlPdW7cbAEix,https://api.spotify.com/v1/tracks/6KBD2g9nzhDlPdW7cbAEix,https://api.spotify.com/v1/audio-analysis/6KBD2g9nzhDlPdW7cbAEix,192276,4
235,0.712,0.564,8,-6.527,1,0.047,0.0266,0.0,0.0874,0.411,95.95,audio_features,72Bz4ciRZPBcVSw0nrZDHi,spotify:track:72Bz4ciRZPBcVSw0nrZDHi,https://api.spotify.com/v1/tracks/72Bz4ciRZPBcVSw0nrZDHi,https://api.spotify.com/v1/audio-analysis/72Bz4ciRZPBcVSw0nrZDHi,207747,4
236,0.696,0.801,5,-5.641,0,0.0952,0.0469,0.0,0.502,0.536,93.003,audio_features,5geGLxg6YpZjE3ZQg7PQi2,spotify:track:5geGLxg6YpZjE3ZQg7PQi2,https://api.spotify.com/v1/tracks/5geGLxg6YpZjE3ZQg7PQi2,https://api.spotify.com/v1/audio-analysis/5geGLxg6YpZjE3ZQg7PQi2,211909,4
237,0.77,0.709,8,-5.555,0,0.058,0.202,0.0,0.139,0.599,99.958,audio_features,77OFWVFz3sAIEJhtap5AQt,spotify:track:77OFWVFz3sAIEJhtap5AQt,https://api.spotify.com/v1/tracks/77OFWVFz3sAIEJhtap5AQt,https://api.spotify.com/v1/audio-analysis/77OFWVFz3sAIEJhtap5AQt,224028,4
238,0.736,0.817,8,-4.9,1,0.0407,0.00987,0.00167,0.117,0.653,119.95,audio_features,3LUWWox8YYykohBbHUrrxd,spotify:track:3LUWWox8YYykohBbHUrrxd,https://api.spotify.com/v1/tracks/3LUWWox8YYykohBbHUrrxd,https://api.spotify.com/v1/audio-analysis/3LUWWox8YYykohBbHUrrxd,204760,4
239,0.722,0.958,4,-3.617,1,0.0912,0.00726,0.0,0.375,0.952,127.008,audio_features,3awwqS1q0EnNUNmvpKdYmU,spotify:track:3awwqS1q0EnNUNmvpKdYmU,https://api.spotify.com/v1/tracks/3awwqS1q0EnNUNmvpKdYmU,https://api.spotify.com/v1/audio-analysis/3awwqS1q0EnNUNmvpKdYmU,206120,4
240,0.704,0.793,8,-2.266,1,0.0591,0.0488,0.0,0.575,0.412,127.96,audio_features,6F6TsdD0ijquDSjcr9lgIt,spotify:track:6F6TsdD0ijquDSjcr9lgIt,https://api.spotify.com/v1/tracks/6F6TsdD0ijquDSjcr9lgIt,https://api.spotify.com/v1/audio-analysis/6F6TsdD0ijquDSjcr9lgIt,199680,4
241,0.492,0.857,7,-2.634,1,0.0655,0.0841,7.82e-06,0.344,0.393,129.973,audio_features,4zuy08yhEhlu5YSTM3WqRD,spotify:track:4zuy08yhEhlu5YSTM3WqRD,https://api.spotify.com/v1/tracks/4zuy08yhEhlu5YSTM3WqRD,https://api.spotify.com/v1/audio-analysis/4zuy08yhEhlu5YSTM3WqRD,222500,4
242,0.769,0.684,1,-5.019,1,0.0411,0.0105,0.000125,0.0887,0.835,127.972,audio_features,7ySUcLPVX7KudhnmNcgY2D,spotify:track:7ySUcLPVX7KudhnmNcgY2D,https://api.spotify.com/v1/tracks/7ySUcLPVX7KudhnmNcgY2D,https://api.spotify.com/v1/audio-analysis/7ySUcLPVX7KudhnmNcgY2D,243600,4
243,0.65,0.946,11,-5.326,1,0.0981,0.223,0.0,0.979,0.669,96.033,audio_features,29vem0DsWK4224LQyxcmA5,spotify:track:29vem0DsWK4224LQyxcmA5,https://api.spotify.com/v1/tracks/29vem0DsWK4224LQyxcmA5,https://api.spotify.com/v1/audio-analysis/29vem0DsWK4224LQyxcmA5,170493,4
244,0.742,0.882,7,-2.862,1,0.117,0.0466,0.0,0.206,0.463,102.04,audio_features,48QmG1dfvMuYLxMPt7KSRA,spotify:track:48QmG1dfvMuYLxMPt7KSRA,https://api.spotify.com/v1/tracks/48QmG1dfvMuYLxMPt7KSRA,https://api.spotify.com/v1/audio-analysis/48QmG1dfvMuYLxMPt7KSRA,221176,4
245,0.794,0.811,6,-8.966,0,0.038,0.0426,1.07e-06,0.101,0.862,116.047,audio_features,2Foc5Q5nqNiosCNqttzHof,spotify:track:2Foc5Q5nqNiosCNqttzHof,https://api.spotify.com/v1/tracks/2Foc5Q5nqNiosCNqttzHof,https://api.spotify.com/v1/audio-analysis/2Foc5Q5nqNiosCNqttzHof,248413,4
246,0.826,0.793,6,-3.645,0,0.047,0.00518,0.00347,0.05,0.261,119.972,audio_features,2phNY2bHpAbROCrpAZw2R2,spotify:track:2phNY2bHpAbROCrpAZw2R2,https://api.spotify.com/v1/tracks/2phNY2bHpAbROCrpAZw2R2,https://api.spotify.com/v1/audio-analysis/2phNY2bHpAbROCrpAZw2R2,185973,4
247,0.813,0.732,7,-5.636,1,0.03,0.0597,0.00137,0.0826,0.731,130.02,audio_features,0R7YVi7w41Dr9jU5vblAok,spotify:track:0R7YVi7w41Dr9jU5vblAok,https://api.spotify.com/v1/tracks/0R7YVi7w41Dr9jU5vblAok,https://api.spotify.com/v1/audio-analysis/0R7YVi7w41Dr9jU5vblAok,195987,4
248,0.675,0.862,11,-4.614,1,0.0253,0.0165,0.000427,0.169,0.498,129.967,audio_features,1hRFVIy9As8OVRk8B7CrD5,spotify:track:1hRFVIy9As8OVRk8B7CrD5,https://api.spotify.com/v1/tracks/1hRFVIy9As8OVRk8B7CrD5,https://api.spotify.com/v1/audio-analysis/1hRFVIy9As8OVRk8B7CrD5,191000,4
249,0.775,0.496,10,-5.652,1,0.0354,0.0393,0.0,0.526,0.204,95.072,audio_features,2asIUjALYhUbH8hvLUhDWo,spotify:track:2asIUjALYhUbH8hvLUhDWo,https://api.spotify.com/v1/tracks/2asIUjALYhUbH8hvLUhDWo,https://api.spotify.com/v1/audio-analysis/2asIUjALYhUbH8hvLUhDWo,197813,4
250,0.609,0.885,11,-2.943,0,0.0527,0.0316,0.0,0.283,0.85,121.066,audio_features,24NhvW9LgYFHCXtySyQuXY,spotify:track:24NhvW9LgYFHCXtySyQuXY,https://api.spotify.com/v1/tracks/24NhvW9LgYFHCXtySyQuXY,https://api.spotify.com/v1/audio-analysis/24NhvW9LgYFHCXtySyQuXY,197560,4
251,0.6,0.663,3,-5.802,1,0.0477,0.225,0.0,0.119,0.286,121.07,audio_features,4nVBt6MZDDP6tRVdQTgxJg,spotify:track:4nVBt6MZDDP6tRVdQTgxJg,https://api.spotify.com/v1/tracks/4nVBt6MZDDP6tRVdQTgxJg,https://api.spotify.com/v1/audio-analysis/4nVBt6MZDDP6tRVdQTgxJg,245493,4
252,0.531,0.752,1,-6.161,1,0.0305,0.0421,0.0,0.12,0.103,89.917,audio_features,3ZdJffjzJWFimSQyxgGIxN,spotify:track:3ZdJffjzJWFimSQyxgGIxN,https://api.spotify.com/v1/tracks/3ZdJffjzJWFimSQyxgGIxN,https://api.spotify.com/v1/audio-analysis/3ZdJffjzJWFimSQyxgGIxN,237800,4
253,0.76,0.604,10,-7.713,0,0.0658,0.206,0.0,0.0661,0.753,100.048,audio_features,2rDJnIm8cJba9ylMky1LDR,spotify:track:2rDJnIm8cJba9ylMky1LDR,https://api.spotify.com/v1/tracks/2rDJnIm8cJba9ylMky1LDR,https://api.spotify.com/v1/audio-analysis/2rDJnIm8cJba9ylMky1LDR,235054,4
254,0.711,0.816,11,-4.489,0,0.0575,0.0884,0.0,0.151,0.7,124.921,audio_features,6wFeU9XCid8wxoHpS2FNXp,spotify:track:6wFeU9XCid8wxoHpS2FNXp,https://api.spotify.com/v1/tracks/6wFeU9XCid8wxoHpS2FNXp,https://api.spotify.com/v1/audio-analysis/6wFeU9XCid8wxoHpS2FNXp,240267,4
255,0.491,0.956,11,-1.538,1,0.392,0.0295,0.0,0.46,0.811,173.585,audio_features,2igwFfvr1OAGX9SKDCPBwO,spotify:track:2igwFfvr1OAGX9SKDCPBwO,https://api.spotify.com/v1/tracks/2igwFfvr1OAGX9SKDCPBwO,https://api.spotify.com/v1/audio-analysis/2igwFfvr1OAGX9SKDCPBwO,276920,4
256,0.574,0.512,5,-6.664,0,0.0503,0.234,0.0,0.0946,0.512,76.899,audio_features,4rHZZAmHpZrA3iH5zx8frV,spotify:track:4rHZZAmHpZrA3iH5zx8frV,https://api.spotify.com/v1/tracks/4rHZZAmHpZrA3iH5zx8frV,https://api.spotify.com/v1/audio-analysis/4rHZZAmHpZrA3iH5zx8frV,484147,4
257,0.714,0.816,10,-4.415,1,0.0796,0.21,0.0,0.196,0.624,129.822,audio_features,4fqwEothoIOcKr3pARJCgu,spotify:track:4fqwEothoIOcKr3pARJCgu,https://api.spotify.com/v1/tracks/4fqwEothoIOcKr3pARJCgu,https://api.spotify.com/v1/audio-analysis/4fqwEothoIOcKr3pARJCgu,182013,4
258,0.733,0.408,7,-7.834,0,0.0388,0.679,3.92e-05,0.11,0.291,94.947,audio_features,4NYwy0R3NdvORX2B6OZXBT,spotify:track:4NYwy0R3NdvORX2B6OZXBT,https://api.spotify.com/v1/tracks/4NYwy0R3NdvORX2B6OZXBT,https://api.spotify.com/v1/audio-analysis/4NYwy0R3NdvORX2B6OZXBT,197854,4
259,0.635,0.956,4,-3.692,0,0.22,0.0189,0.0,0.0808,0.667,187.953,audio_features,5GSdepyZWrEN6TPj2KFb6U,spotify:track:5GSdepyZWrEN6TPj2KFb6U,https://api.spotify.com/v1/tracks/5GSdepyZWrEN6TPj2KFb6U,https://api.spotify.com/v1/audio-analysis/5GSdepyZWrEN6TPj2KFb6U,223120,4
260,0.615,0.711,11,-5.507,1,0.0779,0.0444,0.0,0.145,0.711,144.036,audio_features,7xkQdy0cy5ymoWT7nedvLz,spotify:track:7xkQdy0cy5ymoWT7nedvLz,https://api.spotify.com/v1/tracks/7xkQdy0cy5ymoWT7nedvLz,https://api.spotify.com/v1/audio-analysis/7xkQdy0cy5ymoWT7nedvLz,221253,4
261,0.808,0.97,10,-6.098,0,0.0506,0.0569,6.13e-05,0.154,0.868,114.328,audio_features,2gam98EZKrF9XuOkU13ApN,spotify:track:2gam98EZKrF9XuOkU13ApN,https://api.spotify.com/v1/tracks/2gam98EZKrF9XuOkU13ApN,https://api.spotify.com/v1/audio-analysis/2gam98EZKrF9XuOkU13ApN,242293,4
262,0.614,0.854,1,-4.171,0,0.0865,0.0949,0.0,0.124,0.627,164.126,audio_features,4sKn2B8c7db0g9YpCiF9fd,spotify:track:4sKn2B8c7db0g9YpCiF9fd,https://api.spotify.com/v1/tracks/4sKn2B8c7db0g9YpCiF9fd,https://api.spotify.com/v1/audio-analysis/4sKn2B8c7db0g9YpCiF9fd,201040,4
263,0.536,0.758,4,-6.149,1,0.0449,0.0752,0.0,0.184,0.636,159.961,audio_features,3Xy72SaZ34vUrBKOeBYDCT,spotify:track:3Xy72SaZ34vUrBKOeBYDCT,https://api.spotify.com/v1/tracks/3Xy72SaZ34vUrBKOeBYDCT,https://api.spotify.com/v1/audio-analysis/3Xy72SaZ34vUrBKOeBYDCT,224333,4
264,0.57,0.865,5,-3.656,1,0.0477,0.00575,0.0,0.157,0.529,122.02,audio_features,25cI1fFe60RUAhH5Za1Mco,spotify:track:25cI1fFe60RUAhH5Za1Mco,https://api.spotify.com/v1/tracks/25cI1fFe60RUAhH5Za1Mco,https://api.spotify.com/v1/audio-analysis/25cI1fFe60RUAhH5Za1Mco,237840,4
265,0.662,0.507,5,-8.238,1,0.118,0.257,0.0,0.0465,0.676,86.412,audio_features,68vgtRHr7iZHpzGpon6Jlo,spotify:track:68vgtRHr7iZHpzGpon6Jlo,https://api.spotify.com/v1/tracks/68vgtRHr7iZHpzGpon6Jlo,https://api.spotify.com/v1/audio-analysis/68vgtRHr7iZHpzGpon6Jlo,223440,4
266,0.949,0.79,8,-5.957,1,0.0756,0.00437,0.0,0.0816,0.807,117.002,audio_features,4NOZ35Dhucr6UlVyLOtktd,spotify:track:4NOZ35Dhucr6UlVyLOtktd,https://api.spotify.com/v1/tracks/4NOZ35Dhucr6UlVyLOtktd,https://api.spotify.com/v1/audio-analysis/4NOZ35Dhucr6UlVyLOtktd,246053,4
267,0.671,0.939,8,-3.206,1,0.161,0.191,0.0,0.298,0.53,129.024,audio_features,4QNpBfC0zvjKqPJcyqBy9W,spotify:track:4QNpBfC0zvjKqPJcyqBy9W,https://api.spotify.com/v1/tracks/4QNpBfC0zvjKqPJcyqBy9W,https://api.spotify.com/v1/audio-analysis/4QNpBfC0zvjKqPJcyqBy9W,252307,4
268,0.67,0.855,0,-3.035,0,0.0499,0.0124,0.0,0.335,0.648,120.05,audio_features,62zFEHfAYl5kdHYOivj4BC,spotify:track:62zFEHfAYl5kdHYOivj4BC,https://api.spotify.com/v1/tracks/62zFEHfAYl5kdHYOivj4BC,https://api.spotify.com/v1/audio-analysis/62zFEHfAYl5kdHYOivj4BC,227280,4
269,0.551,0.893,7,-2.628,1,0.0543,0.00166,0.0,0.348,0.794,125.083,audio_features,0aBKFfdyOD1Ttvgv0cfjjJ,spotify:track:0aBKFfdyOD1Ttvgv0cfjjJ,https://api.spotify.com/v1/tracks/0aBKFfdyOD1Ttvgv0cfjjJ,https://api.spotify.com/v1/audio-analysis/0aBKFfdyOD1Ttvgv0cfjjJ,219987,4
270,0.671,0.808,2,-4.861,0,0.0652,0.02,0.0,0.134,0.637,121.956,audio_features,1r3myKmjWoOqRip99CmSj1,spotify:track:1r3myKmjWoOqRip99CmSj1,https://api.spotify.com/v1/tracks/1r3myKmjWoOqRip99CmSj1,https://api.spotify.com/v1/audio-analysis/1r3myKmjWoOqRip99CmSj1,206080,4
271,0.822,0.739,1,-4.541,0,0.0311,0.0264,4.26e-05,0.181,0.745,118.992,audio_features,1dzQoRqT5ucxXVaAhTcT0J,spotify:track:1dzQoRqT5ucxXVaAhTcT0J,https://api.spotify.com/v1/tracks/1dzQoRqT5ucxXVaAhTcT0J,https://api.spotify.com/v1/audio-analysis/1dzQoRqT5ucxXVaAhTcT0J,241933,4
272,0.711,0.7,1,-4.805,0,0.046,0.00498,0.000125,0.215,0.801,128.001,audio_features,7EQGXaVSyEDsCWKmUcfpLk,spotify:track:7EQGXaVSyEDsCWKmUcfpLk,https://api.spotify.com/v1/tracks/7EQGXaVSyEDsCWKmUcfpLk,https://api.spotify.com/v1/audio-analysis/7EQGXaVSyEDsCWKmUcfpLk,211920,4
273,0.705,0.882,11,-3.201,0,0.0445,0.000369,1.16e-06,0.0934,0.7,130.0,audio_features,2QtxlzvSBONjs1bDC34ixs,spotify:track:2QtxlzvSBONjs1bDC34ixs,https://api.spotify.com/v1/tracks/2QtxlzvSBONjs1bDC34ixs,https://api.spotify.com/v1/audio-analysis/2QtxlzvSBONjs1bDC34ixs,241667,4
274,0.327,0.941,1,-3.294,1,0.353,0.0231,0.0,0.0636,0.707,129.738,audio_features,6ku3i5WNrsY3qhOq6ua9TL,spotify:track:6ku3i5WNrsY3qhOq6ua9TL,https://api.spotify.com/v1/tracks/6ku3i5WNrsY3qhOq6ua9TL,https://api.spotify.com/v1/audio-analysis/6ku3i5WNrsY3qhOq6ua9TL,199236,4
275,0.592,0.935,6,-4.317,0,0.0581,0.00879,0.0154,0.132,0.567,125.013,audio_features,1PCvKFPWnTXAe2oaReVUcr,spotify:track:1PCvKFPWnTXAe2oaReVUcr,https://api.spotify.com/v1/tracks/1PCvKFPWnTXAe2oaReVUcr,https://api.spotify.com/v1/audio-analysis/1PCvKFPWnTXAe2oaReVUcr,222520,4
276,0.699,0.76,5,-3.173,1,0.0677,0.00223,0.0,0.132,0.696,129.996,audio_features,14iN3o8ptQ8cFVZTEmyQRV,spotify:track:14iN3o8ptQ8cFVZTEmyQRV,https://api.spotify.com/v1/tracks/14iN3o8ptQ8cFVZTEmyQRV,https://api.spotify.com/v1/audio-analysis/14iN3o8ptQ8cFVZTEmyQRV,179640,4
277,0.583,0.829,1,-4.603,1,0.134,0.00864,0.0,0.0426,0.575,174.028,audio_features,49FYlytm3dAAraYgpoJZux,spotify:track:49FYlytm3dAAraYgpoJZux,https://api.spotify.com/v1/tracks/49FYlytm3dAAraYgpoJZux,https://api.spotify.com/v1/audio-analysis/49FYlytm3dAAraYgpoJZux,275987,4
278,0.967,0.583,7,-5.562,0,0.0789,0.0584,0.0,0.0519,0.964,117.0,audio_features,0O45fw2L5vsWpdsOdXwNAR,spotify:track:0O45fw2L5vsWpdsOdXwNAR,https://api.spotify.com/v1/tracks/0O45fw2L5vsWpdsOdXwNAR,https://api.spotify.com/v1/audio-analysis/0O45fw2L5vsWpdsOdXwNAR,242733,4
279,0.726,0.931,11,-4.152,0,0.0469,0.0218,0.000275,0.143,0.796,126.976,audio_features,4ycxTFeO4ZADJwJZaMGMYb,spotify:track:4ycxTFeO4ZADJwJZaMGMYb,https://api.spotify.com/v1/tracks/4ycxTFeO4ZADJwJZaMGMYb,https://api.spotify.com/v1/audio-analysis/4ycxTFeO4ZADJwJZaMGMYb,195105,4
280,0.82,0.65,6,-8.104,0,0.107,0.0318,0.0,0.0621,0.699,105.01,audio_features,5tF34PO9oWx6cax1KTiCFN,spotify:track:5tF34PO9oWx6cax1KTiCFN,https://api.spotify.com/v1/tracks/5tF34PO9oWx6cax1KTiCFN,https://api.spotify.com/v1/audio-analysis/5tF34PO9oWx6cax1KTiCFN,258080,4
281,0.707,0.87,8,-3.617,0,0.0669,0.0593,0.0,0.205,0.809,125.956,audio_features,4icNLSquKZp6e0iEkBn9RP,spotify:track:4icNLSquKZp6e0iEkBn9RP,https://api.spotify.com/v1/tracks/4icNLSquKZp6e0iEkBn9RP,https://api.spotify.com/v1/audio-analysis/4icNLSquKZp6e0iEkBn9RP,229933,4
282,0.796,0.777,6,-4.81,1,0.0397,0.0261,0.000358,0.121,0.787,132.722,audio_features,4wH4dJgrsxONID6KS2tDQM,spotify:track:4wH4dJgrsxONID6KS2tDQM,https://api.spotify.com/v1/tracks/4wH4dJgrsxONID6KS2tDQM,https://api.spotify.com/v1/audio-analysis/4wH4dJgrsxONID6KS2tDQM,258893,4
283,0.595,0.912,10,-3.428,0,0.0884,0.0434,0.0,0.259,0.762,128.024,audio_features,3rfhI32Il2hVRKDkuGeeen,spotify:track:3rfhI32Il2hVRKDkuGeeen,https://api.spotify.com/v1/tracks/3rfhI32Il2hVRKDkuGeeen,https://api.spotify.com/v1/audio-analysis/3rfhI32Il2hVRKDkuGeeen,234453,4
284,0.793,0.774,0,-3.667,0,0.0478,0.156,0.0,0.193,0.547,113.967,audio_features,6Zo3wgDE076K2AuiGZF3CS,spotify:track:6Zo3wgDE076K2AuiGZF3CS,https://api.spotify.com/v1/tracks/6Zo3wgDE076K2AuiGZF3CS,https://api.spotify.com/v1/audio-analysis/6Zo3wgDE076K2AuiGZF3CS,202307,4
285,0.761,0.933,10,-5.38,1,0.056,0.0908,8.53e-05,0.0607,0.836,122.959,audio_features,4Y7XAxTANhu3lmnLAzhWJW,spotify:track:4Y7XAxTANhu3lmnLAzhWJW,https://api.spotify.com/v1/tracks/4Y7XAxTANhu3lmnLAzhWJW,https://api.spotify.com/v1/audio-analysis/4Y7XAxTANhu3lmnLAzhWJW,236200,4
286,0.596,0.856,4,-3.556,0,0.0346,0.0211,0.0178,0.141,0.743,127.949,audio_features,6YUTL4dYpB9xZO5qExPf05,spotify:track:6YUTL4dYpB9xZO5qExPf05,https://api.spotify.com/v1/tracks/6YUTL4dYpB9xZO5qExPf05,https://api.spotify.com/v1/audio-analysis/6YUTL4dYpB9xZO5qExPf05,222533,4
287,0.788,0.844,2,-3.131,1,0.0334,0.25,0.000678,0.0723,0.382,113.324,audio_features,6ic8OlLUNEATToEFU3xmaH,spotify:track:6ic8OlLUNEATToEFU3xmaH,https://api.spotify.com/v1/tracks/6ic8OlLUNEATToEFU3xmaH,https://api.spotify.com/v1/audio-analysis/6ic8OlLUNEATToEFU3xmaH,251240,4
288,0.691,0.707,0,-3.924,0,0.0497,0.15,2.78e-05,0.346,0.437,128.127,audio_features,2V9ajfpv9SpZ9koU1iWGM7,spotify:track:2V9ajfpv9SpZ9koU1iWGM7,https://api.spotify.com/v1/tracks/2V9ajfpv9SpZ9koU1iWGM7,https://api.spotify.com/v1/audio-analysis/2V9ajfpv9SpZ9koU1iWGM7,200226,4
289,0.706,0.841,7,-3.956,1,0.0418,7.95e-05,0.0,0.0688,0.861,132.032,audio_features,0iGckQFyv6svOfAbAY9aWJ,spotify:track:0iGckQFyv6svOfAbAY9aWJ,https://api.spotify.com/v1/tracks/0iGckQFyv6svOfAbAY9aWJ,https://api.spotify.com/v1/audio-analysis/0iGckQFyv6svOfAbAY9aWJ,220227,4
290,0.774,0.838,5,-3.914,0,0.114,0.0249,0.025,0.242,0.924,143.04,audio_features,6I9VzXrHxO9rA9A5euc8Ak,spotify:track:6I9VzXrHxO9rA9A5euc8Ak,https://api.spotify.com/v1/tracks/6I9VzXrHxO9rA9A5euc8Ak,https://api.spotify.com/v1/audio-analysis/6I9VzXrHxO9rA9A5euc8Ak,198800,4
291,0.756,0.737,0,-4.796,0,0.0312,0.184,0.000103,0.485,0.892,92.972,audio_features,52SrRaRC2SlJ2dno1flkg2,spotify:track:52SrRaRC2SlJ2dno1flkg2,https://api.spotify.com/v1/tracks/52SrRaRC2SlJ2dno1flkg2,https://api.spotify.com/v1/audio-analysis/52SrRaRC2SlJ2dno1flkg2,210387,4
292,0.735,0.766,1,-4.485,1,0.0383,0.025,0.00138,0.108,0.6,127.985,audio_features,0U10zFw4GlBacOy9VDGfGL,spotify:track:0U10zFw4GlBacOy9VDGfGL,https://api.spotify.com/v1/tracks/0U10zFw4GlBacOy9VDGfGL,https://api.spotify.com/v1/audio-analysis/0U10zFw4GlBacOy9VDGfGL,215227,4
293,0.711,0.753,4,-6.461,0,0.0766,0.028,2.96e-05,0.152,0.588,126.051,audio_features,2XbfY2O2v3xwedUJ0J2kkr,spotify:track:2XbfY2O2v3xwedUJ0J2kkr,https://api.spotify.com/v1/tracks/2XbfY2O2v3xwedUJ0J2kkr,https://api.spotify.com/v1/audio-analysis/2XbfY2O2v3xwedUJ0J2kkr,234360,4
294,0.715,0.791,10,-6.63,1,0.0414,0.0368,0.0,0.0694,0.879,116.043,audio_features,5NlFXQ0si6U87gXs6hq81B,spotify:track:5NlFXQ0si6U87gXs6hq81B,https://api.spotify.com/v1/tracks/5NlFXQ0si6U87gXs6hq81B,https://api.spotify.com/v1/audio-analysis/5NlFXQ0si6U87gXs6hq81B,201053,4
295,0.809,0.537,8,-5.807,1,0.0365,0.518,0.0,0.0981,0.835,109.984,audio_features,2VarpyoSpCPNKI56WSAEMN,spotify:track:2VarpyoSpCPNKI56WSAEMN,https://api.spotify.com/v1/tracks/2VarpyoSpCPNKI56WSAEMN,https://api.spotify.com/v1/audio-analysis/2VarpyoSpCPNKI56WSAEMN,266840,4
296,0.648,0.942,10,-2.881,0,0.0878,0.021,0.0,0.0594,0.73,129.007,audio_features,7HacCTm33hZYYN8DXpCYuG,spotify:track:7HacCTm33hZYYN8DXpCYuG,https://api.spotify.com/v1/tracks/7HacCTm33hZYYN8DXpCYuG,https://api.spotify.com/v1/audio-analysis/7HacCTm33hZYYN8DXpCYuG,231373,4
297,0.835,0.669,6,-5.582,0,0.0643,0.0336,6.92e-05,0.0535,0.542,122.668,audio_features,0ByMNEPAPpOR5H69DVrTNy,spotify:track:0ByMNEPAPpOR5H69DVrTNy,https://api.spotify.com/v1/tracks/0ByMNEPAPpOR5H69DVrTNy,https://api.spotify.com/v1/audio-analysis/0ByMNEPAPpOR5H69DVrTNy,267080,4
298,0.714,0.817,6,-7.524,1,0.188,0.0435,0.0,0.122,0.637,96.021,audio_features,23YaKmzWDeP2wagOfz2mUY,spotify:track:23YaKmzWDeP2wagOfz2mUY,https://api.spotify.com/v1/tracks/23YaKmzWDeP2wagOfz2mUY,https://api.spotify.com/v1/audio-analysis/23YaKmzWDeP2wagOfz2mUY,283040,4
299,0.739,0.741,7,-5.873,1,0.0912,0.013,0.0,0.0679,0.727,122.988,audio_features,33IQnmtJYjCcrvUUMQgi80,spotify:track:33IQnmtJYjCcrvUUMQgi80,https://api.spotify.com/v1/tracks/33IQnmtJYjCcrvUUMQgi80,https://api.spotify.com/v1/audio-analysis/33IQnmtJYjCcrvUUMQgi80,223253,4
300,0.669,0.923,7,-4.113,1,0.0332,0.0102,2.49e-06,0.0659,0.967,127.998,audio_features,6tYYEhNoXlPfjgkMmFpd5k,spotify:track:6tYYEhNoXlPfjgkMmFpd5k,https://api.spotify.com/v1/tracks/6tYYEhNoXlPfjgkMmFpd5k,https://api.spotify.com/v1/audio-analysis/6tYYEhNoXlPfjgkMmFpd5k,206537,4
301,0.638,0.877,7,-4.449,1,0.0302,0.0771,0.0221,0.364,0.743,139.052,audio_features,52LJ3hyknOijCrE5gCD0rE,spotify:track:52LJ3hyknOijCrE5gCD0rE,https://api.spotify.com/v1/tracks/52LJ3hyknOijCrE5gCD0rE,https://api.spotify.com/v1/audio-analysis/52LJ3hyknOijCrE5gCD0rE,242053,4
302,0.687,0.723,7,-4.751,1,0.0709,0.122,0.00102,0.573,0.432,76.0,audio_features,3pD0f7hSJg2XdQ6udw5Tey,spotify:track:3pD0f7hSJg2XdQ6udw5Tey,https://api.spotify.com/v1/tracks/3pD0f7hSJg2XdQ6udw5Tey,https://api.spotify.com/v1/audio-analysis/3pD0f7hSJg2XdQ6udw5Tey,448573,4
303,0.603,0.834,5,-5.766,0,0.0417,0.0411,0.00609,0.105,0.376,89.957,audio_features,4bJygwUKrRgq1stlNXcgMg,spotify:track:4bJygwUKrRgq1stlNXcgMg,https://api.spotify.com/v1/tracks/4bJygwUKrRgq1stlNXcgMg,https://api.spotify.com/v1/audio-analysis/4bJygwUKrRgq1stlNXcgMg,214440,4
304,0.875,0.634,1,-3.484,1,0.0978,0.00426,3.64e-06,0.111,0.531,120.001,audio_features,4o3cq2szX7THGyZDsWtp59,spotify:track:4o3cq2szX7THGyZDsWtp59,https://api.spotify.com/v1/tracks/4o3cq2szX7THGyZDsWtp59,https://api.spotify.com/v1/audio-analysis/4o3cq2szX7THGyZDsWtp59,272080,4
305,0.659,0.916,7,-1.446,0,0.0967,0.281,0.0,0.101,0.809,128.002,audio_features,6zg7B8W7Tu9nO3SLgYhqNO,spotify:track:6zg7B8W7Tu9nO3SLgYhqNO,https://api.spotify.com/v1/tracks/6zg7B8W7Tu9nO3SLgYhqNO,https://api.spotify.com/v1/audio-analysis/6zg7B8W7Tu9nO3SLgYhqNO,234920,4
306,0.801,0.645,1,-6.93,1,0.0356,0.046,0.0,0.0357,0.824,110.011,audio_features,5u5MpBnvJejW9dHPrfWEXZ,spotify:track:5u5MpBnvJejW9dHPrfWEXZ,https://api.spotify.com/v1/tracks/5u5MpBnvJejW9dHPrfWEXZ,https://api.spotify.com/v1/audio-analysis/5u5MpBnvJejW9dHPrfWEXZ,215480,4
307,0.894,0.678,6,-5.611,0,0.0523,0.00569,2.43e-06,0.317,0.844,105.024,audio_features,0eH2eHURaXUP15D8gQlfjx,spotify:track:0eH2eHURaXUP15D8gQlfjx,https://api.spotify.com/v1/tracks/0eH2eHURaXUP15D8gQlfjx,https://api.spotify.com/v1/audio-analysis/0eH2eHURaXUP15D8gQlfjx,216333,4
308,0.583,0.768,9,-6.477,1,0.041,0.000323,0.0162,0.109,0.357,127.952,audio_features,57F80059mWaWFvWG3tBTbO,spotify:track:57F80059mWaWFvWG3tBTbO,https://api.spotify.com/v1/tracks/57F80059mWaWFvWG3tBTbO,https://api.spotify.com/v1/audio-analysis/57F80059mWaWFvWG3tBTbO,320547,4
309,0.704,0.945,9,-4.211,1,0.064,0.0259,0.0,0.0563,0.8,127.999,audio_features,3dOBB8XZNu8aqi7JstoRZO,spotify:track:3dOBB8XZNu8aqi7JstoRZO,https://api.spotify.com/v1/tracks/3dOBB8XZNu8aqi7JstoRZO,https://api.spotify.com/v1/audio-analysis/3dOBB8XZNu8aqi7JstoRZO,235375,4
310,0.719,0.847,0,-6.34,0,0.0916,0.00201,0.0204,0.223,0.444,127.963,audio_features,3tyPOhuVnt5zd5kGfxbCyL,spotify:track:3tyPOhuVnt5zd5kGfxbCyL,https://api.spotify.com/v1/tracks/3tyPOhuVnt5zd5kGfxbCyL,https://api.spotify.com/v1/audio-analysis/3tyPOhuVnt5zd5kGfxbCyL,242680,4
311,0.652,0.812,3,-3.797,0,0.0409,0.00125,3.01e-05,0.667,0.72,126.023,audio_features,3oHNJECGN3bBoGXejlw2b1,spotify:track:3oHNJECGN3bBoGXejlw2b1,https://api.spotify.com/v1/tracks/3oHNJECGN3bBoGXejlw2b1,https://api.spotify.com/v1/audio-analysis/3oHNJECGN3bBoGXejlw2b1,230733,4
312,0.647,0.8,7,-5.384,1,0.165,0.0647,0.0,0.334,0.942,160.078,audio_features,0cqRj7pUJDkTCEsJkx8snD,spotify:track:0cqRj7pUJDkTCEsJkx8snD,https://api.spotify.com/v1/tracks/0cqRj7pUJDkTCEsJkx8snD,https://api.spotify.com/v1/audio-analysis/0cqRj7pUJDkTCEsJkx8snD,219200,4
313,0.587,0.828,11,-5.108,1,0.161,0.00327,0.0,0.331,0.494,123.907,audio_features,30XU4suKzCeoCK9YFzdufg,spotify:track:30XU4suKzCeoCK9YFzdufg,https://api.spotify.com/v1/tracks/30XU4suKzCeoCK9YFzdufg,https://api.spotify.com/v1/audio-analysis/30XU4suKzCeoCK9YFzdufg,260253,4
314,0.638,0.832,8,-5.039,1,0.049,0.141,0.0,0.113,0.648,124.071,audio_features,1mXuMM6zjPgjL4asbBsgnt,spotify:track:1mXuMM6zjPgjL4asbBsgnt,https://api.spotify.com/v1/tracks/1mXuMM6zjPgjL4asbBsgnt,https://api.spotify.com/v1/audio-analysis/1mXuMM6zjPgjL4asbBsgnt,227893,4
315,0.768,0.864,11,-6.145,1,0.0324,0.101,0.0,0.162,0.891,110.008,audio_features,1Je1IMUlBXcx1Fz0WE7oPT,spotify:track:1Je1IMUlBXcx1Fz0WE7oPT,https://api.spotify.com/v1/tracks/1Je1IMUlBXcx1Fz0WE7oPT,https://api.spotify.com/v1/audio-analysis/1Je1IMUlBXcx1Fz0WE7oPT,173027,4
316,0.751,0.834,1,-5.444,0,0.0437,0.3,1.77e-05,0.355,0.894,95.053,audio_features,6naxalmIoLFWR0siv8dnQQ,spotify:track:6naxalmIoLFWR0siv8dnQQ,https://api.spotify.com/v1/tracks/6naxalmIoLFWR0siv8dnQQ,https://api.spotify.com/v1/audio-analysis/6naxalmIoLFWR0siv8dnQQ,211160,4
317,0.563,0.75,11,-4.496,1,0.127,0.113,0.0,0.0788,0.812,173.906,audio_features,60jzFy6Nn4M0iD1d94oteF,spotify:track:60jzFy6Nn4M0iD1d94oteF,https://api.spotify.com/v1/tracks/60jzFy6Nn4M0iD1d94oteF,https://api.spotify.com/v1/audio-analysis/60jzFy6Nn4M0iD1d94oteF,222920,4
318,0.689,0.694,6,-5.83,0,0.027,0.257,0.0,0.148,0.482,99.039,audio_features,47BBI51FKFwOMlIiX6m8ya,spotify:track:47BBI51FKFwOMlIiX6m8ya,https://api.spotify.com/v1/tracks/47BBI51FKFwOMlIiX6m8ya,https://api.spotify.com/v1/audio-analysis/47BBI51FKFwOMlIiX6m8ya,213307,4
319,0.617,0.84,4,-4.063,1,0.0512,0.36,8.85e-05,0.179,0.57,94.676,audio_features,3LI4MmibTkXH5cGpCGZgyw,spotify:track:3LI4MmibTkXH5cGpCGZgyw,https://api.spotify.com/v1/tracks/3LI4MmibTkXH5cGpCGZgyw,https://api.spotify.com/v1/audio-analysis/3LI4MmibTkXH5cGpCGZgyw,241840,4
320,0.573,0.856,9,-4.807,1,0.371,0.0204,4.93e-05,0.179,0.515,139.317,audio_features,35VFenXHO0oWYugtj94zgi,spotify:track:35VFenXHO0oWYugtj94zgi,https://api.spotify.com/v1/tracks/35VFenXHO0oWYugtj94zgi,https://api.spotify.com/v1/audio-analysis/35VFenXHO0oWYugtj94zgi,242320,5
321,0.484,0.847,6,-5.042,1,0.349,0.0373,0.0,0.118,0.67,105.048,audio_features,7tDbbfzB1d52lWP8rq8zRZ,spotify:track:7tDbbfzB1d52lWP8rq8zRZ,https://api.spotify.com/v1/tracks/7tDbbfzB1d52lWP8rq8zRZ,https://api.spotify.com/v1/audio-analysis/7tDbbfzB1d52lWP8rq8zRZ,251373,4
322,0.698,0.963,9,-4.514,1,0.0496,0.106,0.0,0.419,0.847,131.023,audio_features,2Tk5B1h58lJRsrivGg1jaE,spotify:track:2Tk5B1h58lJRsrivGg1jaE,https://api.spotify.com/v1/tracks/2Tk5B1h58lJRsrivGg1jaE,https://api.spotify.com/v1/audio-analysis/2Tk5B1h58lJRsrivGg1jaE,179960,4
323,0.846,0.482,1,-6.721,0,0.129,0.0246,0.0,0.393,0.212,100.969,audio_features,7xYnUQigPoIDAMPVK79NEq,spotify:track:7xYnUQigPoIDAMPVK79NEq,https://api.spotify.com/v1/tracks/7xYnUQigPoIDAMPVK79NEq,https://api.spotify.com/v1/audio-analysis/7xYnUQigPoIDAMPVK79NEq,229867,4
324,0.457,0.823,9,-4.76,1,0.311,0.00144,0.0,0.108,0.578,192.205,audio_features,1QNqrsNQ1JVLEwncov3lEY,spotify:track:1QNqrsNQ1JVLEwncov3lEY,https://api.spotify.com/v1/tracks/1QNqrsNQ1JVLEwncov3lEY,https://api.spotify.com/v1/audio-analysis/1QNqrsNQ1JVLEwncov3lEY,230733,4
325,0.775,0.904,1,-4.08,0,0.0437,0.0271,0.000303,0.06,0.84,130.009,audio_features,4XE98WRGbBGRZ7jQ9wIwFt,spotify:track:4XE98WRGbBGRZ7jQ9wIwFt,https://api.spotify.com/v1/tracks/4XE98WRGbBGRZ7jQ9wIwFt,https://api.spotify.com/v1/audio-analysis/4XE98WRGbBGRZ7jQ9wIwFt,219893,4
326,0.587,0.918,4,-4.878,0,0.0581,0.0636,0.0,0.267,0.629,134.055,audio_features,6qOxF7JKKNegcuocn14ukr,spotify:track:6qOxF7JKKNegcuocn14ukr,https://api.spotify.com/v1/tracks/6qOxF7JKKNegcuocn14ukr,https://api.spotify.com/v1/audio-analysis/6qOxF7JKKNegcuocn14ukr,240747,4
